920680.BJ,广道退,广东
600200.SS,退市苏吴,江苏
600675.SS,中华企业,上海
600676.SS,交运股份,上海
600679.SS,上海凤凰,上海
600688.SS,上海石化,上海
600689.SS,上海三毛,上海
600692.SS,亚通股份,上海
600696.SS,*ST岩石,上海
600708.SS,光明地产,上海
600732.SS,爱旭股份,上海
600741.SS,华域汽车,上海
600748.SS,上实发展,上海
600754.SS,锦江酒店,上海
600816.SS,建元信托,上海
600818.SS,中路股份,上海
600819.SS,耀皮玻璃,上海
600820.SS,隧道股份,上海
600822.SS,上海物贸,上海
600824.SS,益民集团,上海
600825.SS,新华传媒,上海
600826.SS,兰生股份,上海
600827.SS,百联股份,上海
600833.SS,第一医药,上海
600834.SS,申通地铁,上海
600835.SS,上海机电,上海
600838.SS,上海九百,上海
600841.SS,动力新科,上海
600845.SS,宝信软件,上海
600846.SS,同济科技,上海
600848.SS,上海临港,上海
600850.SS,电科数字,上海
600851.SS,海欣股份,上海
600895.SS,张江高科,上海
601328.SS,交通银行,上海
601601.SS,中国太保,上海
601607.SS,上海医药,上海
601727.SS,上海电气,上海
601788.SS,光大证券,上海
601866.SS,中远海发,上海
601872.SS,招商轮船,上海
002022.SZ,科华生物,上海
002028.SZ,思源电气,上海
002058.SZ,*ST威尔,上海
002116.SZ,中国海诚,上海
002158.SZ,汉钟精机,上海
002162.SZ,悦心健康,上海
002178.SZ,延华智能,上海
002184.SZ,海得控制,上海
002195.SZ,岩山科技,上海
002252.SZ,上海莱士,上海
002269.SZ,美邦服饰,上海
002278.SZ,神开股份,上海
002324.SZ,普利特,上海
002328.SZ,新朋股份,上海
002346.SZ,柘中股份,上海
002401.SZ,中远海科,上海
300008.SZ,天海防务,上海
300017.SZ,网宿科技,上海
300039.SZ,上海凯宝,上海
300059.SZ,东方财富,上海
300061.SZ,旗天科技,上海
300067.SZ,安诺其,上海
300074.SZ,华平股份,上海
600843.SS,上工申贝,上海
600000.SS,浦发银行,上海
600009.SS,上海机场,上海
600018.SS,XD上港集,上海
600019.SS,宝钢股份,上海
600021.SS,上海电力,上海
600026.SS,中远海能,上海
600061.SS,国投资本,上海
600072.SS,中船科技,上海
600073.SS,光明肉业,上海
600081.SS,东风科技,上海
600088.SS,中视传媒,上海
600097.SS,开创国际,上海
600104.SS,上汽集团,上海
600115.SS,中国东航,上海
600119.SS,长江投资,上海
600150.SS,中国船舶,上海
600151.SS,航天机电,上海
600170.SS,上海建工,上海
600171.SS,上海贝岭,上海
600193.SS,*ST创兴,上海
600196.SS,复星医药,上海
600210.SS,紫江企业,上海
600272.SS,开开实业,上海
600278.SS,东方创业,上海
600284.SS,浦东建设,上海
600315.SS,上海家化,上海
600320.SS,振华重工,上海
600420.SS,国药现代,上海
600490.SS,鹏欣资源,上海
600500.SS,中化国际,上海
600503.SS,华丽家族,上海
600508.SS,上海能源,上海
600517.SS,国网英大,上海
600530.SS,交大昂立,上海
600597.SS,光明乳业,上海
600601.SS,方正科技,上海
600602.SS,云赛智联,上海
600604.SS,市北高新,上海
600605.SS,汇通能源,上海
600606.SS,绿地控股,上海
600608.SS,*ST沪科,上海
600611.SS,大众交通,上海
600612.SS,老凤祥,上海
600613.SS,神奇制药,上海
600616.SS,金枫酒业,上海
600618.SS,氯碱化工,上海
600619.SS,海立股份,上海
600620.SS,天宸股份,上海
600621.SS,华鑫股份,上海
600622.SS,光大嘉宝,上海
600623.SS,华谊集团,上海
600624.SS,ST复华,上海
600626.SS,申达股份,上海
600628.SS,新世界,上海
600629.SS,华建集团,上海
600630.SS,龙头股份,上海
600635.SS,大众公用,上海
600636.SS,*ST国化,上海
600637.SS,东方明珠,上海
600638.SS,新黄浦,上海
600639.SS,浦东金桥,上海
600640.SS,国脉文化,上海
600641.SS,先导基电,上海
600642.SS,申能股份,上海
600643.SS,爱建集团,上海
600648.SS,外高桥,上海
600649.SS,城投控股,上海
600650.SS,锦江在线,上海
600651.SS,飞乐音响,上海
600655.SS,豫园股份,上海
600661.SS,昂立教育,上海
600662.SS,外服控股,上海
600663.SS,陆家嘴,上海
002451.SZ,摩恩电气,上海
002454.SZ,松芝股份,上海
300168.SZ,万达信息,上海
300129.SZ,泰胜风能,上海
600094.SS,大名城,上海
002527.SZ,新时达,上海
002568.SZ,百润股份,上海
002605.SZ,姚记科技,上海
300253.SZ,卫宁健康,上海
300286.SZ,安科瑞,上海
002565.SZ,顺灏股份,上海
002486.SZ,嘉麟杰,上海
603128.SS,华贸物流,上海
002561.SZ,徐家汇,上海
601231.SS,环旭电子,上海
002506.SZ,协鑫集成,上海
688180.SS,君实生物-U,上海
002636.SZ,金安国纪,上海
300378.SZ,鼎捷数智,上海
300380.SZ,安硕信息,上海
300180.SZ,华峰超纤,上海
000863.SZ,三湘印象,上海
300126.SZ,锐奇股份,上海
300272.SZ,开能健康,上海
300170.SZ,汉得信息,上海
300171.SZ,东富龙,上海
300222.SZ,科大智能,上海
300225.SZ,*ST金泰,上海
300226.SZ,上海钢联,上海
300236.SZ,上海新阳,上海
300245.SZ,天玑科技,上海
300153.SZ,科泰电源,上海
601616.SS,广电电气,上海
300326.SZ,ST凯利,上海
300327.SZ,中颖电子,上海
601519.SS,大智慧,上海
002669.SZ,康达新材,上海
002706.SZ,良信股份,上海
300398.SZ,飞凯材料,上海
920693.BJ,阿为特,上海
603006.SS,联明股份,上海
603899.SS,晨光股份,上海
601021.SS,春秋航空,上海
603030.SS,全筑股份,上海
603729.SS,龙韵股份,上海
600958.SS,东方证券,上海
603012.SS,创力集团,上海
603020.SS,爱普股份,上海
603009.SS,北特科技,上海
603022.SS,新通联,上海
601968.SS,宝钢包装,上海
300483.SZ,首华燃气,上海
601211.SS,国泰海通,上海
603718.SS,海利生物,上海
603885.SS,吉祥航空,上海
603108.SS,润达医疗,上海
300462.SZ,ST华铭,上海
603918.SS,金桥信息,上海
300493.SZ,润欣科技,上海
300501.SZ,海顺新材,上海
300508.SZ,维宏股份,上海
300511.SZ,雪榕生物,上海
603868.SS,飞科电器,上海
603131.SS,上海沪工,上海
603159.SS,上海亚虹,上海
601595.SS,上海电影,上海
603515.SS,欧普照明,上海
603987.SS,康德莱,上海
603777.SS,来伊份,上海
603887.SS,城地香江,上海
603189.SS,网达软件,上海
603633.SS,徕木股份,上海
002825.SZ,纳尔股份,上海
300551.SZ,古鳌科技,上海
601229.SS,上海银行,上海
603037.SS,凯众股份,上海
603886.SS,元祖股份,上海
603579.SS,荣泰健康,上海
300590.SZ,移为通信,上海
603039.SS,泛微网络,上海
603690.SS,至纯科技,上海
603881.SS,数据港,上海
603960.SS,克来机电,上海
601200.SS,上海环境,上海
600882.SS,妙可蓝多,上海
603330.SS,天洋新材,上海
300578.SZ,会畅科技,上海
300609.SZ,汇纳科技,上海
300613.SZ,富瀚微,上海
300627.SZ,华测导航,上海
002858.SZ,力盛体育,上海
300892.SZ,品渥食品,上海
605050.SS,福然德,上海
688062.SS,迈威生物-U,上海
688220.SS,翱捷科技-U,上海
603580.SS,*ST艾艾,上海
603232.SS,格尔软件,上海
688505.SS,复旦张江,上海
300642.SZ,透景生命,上海
603501.SS,豪威集团,上海
688179.SS,阿拉丁,上海
688129.SS,东来技术,上海
603329.SS,上海雅仕,上海
603200.SS,上海洗霸,上海
603619.SS,中曼石油,上海
603214.SS,爱婴室,上海
603648.SS,畅联股份,上海
603728.SS,鸣志电器,上海
603587.SS,地素时尚,上海
603196.SS,日播时尚,上海
603197.SS,保隆科技,上海
603496.SS,恒为科技,上海
603226.SS,菲林格尔,上海
603855.SS,华荣股份,上海
603730.SS,岱美股份,上海
603659.SS,璞泰来,上海
603466.SS,风语筑,上海
603683.SS,晶华新材,上海
603378.SS,亚士创能,上海
603499.SS,翔港科技,上海
601828.SS,美凯龙,上海
603895.SS,天永智能,上海
603056.SS,德邦股份,上海
603083.SS,剑桥科技,上海
603365.SS,水星家纺,上海
603650.SS,彤程新材,上海
601611.SS,中国核建,上海
603713.SS,密尔克卫,上海
603192.SS,汇得科技,上海
603790.SS,雅运股份,上海
603121.SS,华培动力,上海
300762.SZ,上海瀚讯,上海
603956.SS,威派格,上海
603681.SS,永冠新材,上海
603068.SS,博通集成,上海
603256.SS,宏和科技,上海
603786.SS,科博达,上海
688099.SS,晶晨股份,上海
688188.SS,柏楚电子,上海
002211.SZ,ST宏达,上海
688008.SS,澜起科技,上海
688012.SS,中微公司,上海
688018.SS,乐鑫科技,上海
688019.SS,安集科技,上海
688016.SS,心脉医疗,上海
603236.SS,移远通信,上海
688098.SS,申联生物,上海
688366.SS,昊海生科,上海
688368.SS,晶丰明源,上海
688202.SS,美迪西,上海
300802.SZ,矩子科技,上海
688158.SS,优刻得-W,上海
688123.SS,聚辰股份,上海
688118.SS,普元信息,上海
601696.SS,中银证券,上海
603682.SS,锦和商管,上海
688126.SS,沪硅产业,上海
688085.SS,三友医疗,上海
688336.SS,三生国健,上海
605222.SS,起帆电缆,上海
688065.SS,凯赛生物,上海
688155.SS,先惠技术,上海
688335.SS,复洁科技,上海
688519.SS,南亚新材,上海
688521.SS,芯原股份,上海
688596.SS,正帆科技,上海
605128.SS,上海沿浦,上海
601702.SS,华峰铝业,上海
603565.SS,中谷物流,上海
688301.SS,奕瑞科技,上海
605136.SS,丽人丽妆,上海
688585.SS,上纬新材,上海
688330.SS,宏力达,上海
300230.SZ,永利股份,上海
300999.SZ,金龙鱼,上海
300899.SZ,*ST凯鑫,上海
605338.SS,巴比食品,上海
688133.SS,泰坦科技,上海
688160.SS,步科股份,上海
688578.SS,艾力斯,上海
300915.SZ,海融科技,上海
688590.SS,新致软件,上海
688608.SS,恒玄科技,上海
605151.SS,西上海,上海
688063.SS,派能科技,上海
605186.SS,健麾信息,上海
605398.SS,新炬网络,上海
688317.SS,之江生物,上海
688680.SS,海优新材,上海
605081.SS,*ST太和,上海
300947.SZ,德必集团,上海
605208.SS,永茂泰,上海
300963.SZ,中洲特材,上海
605289.SS,罗曼股份,上海
603324.SS,盛剑科技,上海
605098.SS,行动教育,上海
688682.SS,霍莱沃,上海
300983.SZ,尤安设计,上海
688217.SS,睿昂基因,上海
605339.SS,南侨食品,上海
688660.SS,电气风电,上海
688538.SS,和辉光电-U,上海
688131.SS,皓元医药,上海
301000.SZ,肇民科技,上海
301001.SZ,凯淳股份,上海
301005.SZ,超捷股份,上海
601156.SS,东航物流,上海
301025.SZ,读客文化,上海
601825.SS,沪农商行,上海
301037.SZ,保立佳,上海
688071.SS,华依科技,上海
688718.SS,唯赛勃,上海
688798.SS,艾为电子,上海
301024.SZ,霍普股份,上海
688385.SS,复旦微电,上海
301046.SZ,能辉科技,上海
688766.SS,普冉股份,上海
605598.SS,上海港湾,上海
688121.SS,卓然股份,上海
688091.SS,上海谊众,上海
301060.SZ,兰卫医学,上海
301062.SZ,上海艾录,上海
301070.SZ,开勒股份,上海
688107.SS,安路科技,上海
301099.SZ,雅创电子,上海
688082.SS,盛美上海,上海
688212.SS,澳华内镜,上海
688230.SS,芯导科技,上海
688206.SS,概伦电子,上海
301166.SZ,优宁维,上海
688265.SS,南模生物,上海
688110.SS,东芯股份,上海
301228.SZ,实朴检测,上海
603122.SS,合富中国,上海
001266.SZ,宏英智能,上海
688163.SS,赛伦生物,上海
688238.SS,和元生物,上海
301151.SZ,冠龙节能,上海
688193.SS,仁度生物,上海
301257.SZ,普蕊斯,上海
688213.SS,思特威-W,上海
300257.SZ,开山股份,上海
301156.SZ,美农生物,上海
301289.SZ,国缆检测,上海
603170.SS,宝立食品,上海
603211.SS,晋拓股份,上海
688382.SS,益方生物-U,上海
688373.SS,盟科药业-U,上海
688271.SS,联影医疗,上海
688247.SS,宣泰医药,上海
688370.SS,丛麟科技,上海
688293.SS,奥浦迈,上海
688351.SS,微电生理,上海
920799.BJ,艾融软件,上海
920405.BJ,海希通讯,上海
920961.BJ,创远信科,上海
920346.BJ,威贸电子,上海
688391.SS,钜泉科技,上海
301161.SZ,唯万密封,上海
688392.SS,骄成超声,上海
603057.SS,紫燕食品,上海
301273.SZ,瑞晨环保,上海
688031.SS,星环科技-U,上海
688061.SS,灿瑞科技,上海
920139.BJ,华岭股份,上海
688073.SS,毕得医药,上海
301230.SZ,泓博医药,上海
688372.SS,伟测科技,上海
920414.BJ,欧普泰,上海
920300.BJ,辰光医疗,上海
688435.SS,英方软件,上海
301419.SZ,阿莱德,上海
301303.SZ,真兰仪表,上海
603153.SS,上海建科,上海
920541.BJ,铁大科技,上海
688484.SS,南芯科技,上海
688507.SS,索辰科技,上海
688479.SS,友车科技,上海
688593.SS,新相微,上海
301315.SZ,威士顿,上海
688602.SS,康鹏科技,上海
301499.SZ,维科精密,上海
603296.SS,华勤技术,上海
688592.SS,司南导航,上海
603275.SS,众辰科技,上海
920504.BJ,博迅生物,上海
688591.SS,泰凌微,上海
301525.SZ,儒竞科技,上海
603107.SS,上海汽配,上海
301555.SZ,惠柏新材,上海
603062.SS,麦加芯彩,上海
688648.SS,中邮科技,上海
688653.SS,康希通信,上海
601083.SS,锦江航运,上海
603325.SS,博隆技术,上海
688584.SS,上海合晶,上海
603341.SS,龙旗科技,上海
688691.SS,灿芯股份,上海
300890.SZ,翔丰华,上海
603350.SS,安乃达,上海
603207.SS,小方制药,上海
688710.SS,益诺思,上海
688615.SS,合合信息,上海
301173.SZ,毓恬冠佳,上海
688603.SS,天承科技,上海
920112.BJ,巴兰仕,上海
002027.SZ,分众传媒,上海
301563.SZ,云汉芯城,上海
603418.SS,友升股份,上海
301584.SZ,建发致新,上海
601026.SS,道生天合,上海
688802.SS,沐曦股份-U,上海
001396.SZ,誉帆科技,上海
600038.SS,中直股份,黑龙江
600095.SS,湘财股份,黑龙江
600178.SS,东安动力,黑龙江
600182.SS,S佳通,黑龙江
600187.SS,国中水务,黑龙江
600202.SS,哈空调,黑龙江
600289.SS,ST信通,黑龙江
600356.SS,恒丰纸业,黑龙江
600371.SS,万向德农,黑龙江
600598.SS,北大荒,黑龙江
600664.SS,哈药股份,黑龙江
600726.SS,华电能源,黑龙江
600829.SS,人民同泰,黑龙江
600853.SS,龙建股份,黑龙江
600864.SS,哈投股份,黑龙江
601106.SS,中国一重,黑龙江
601188.SS,龙江交通,黑龙江
000711.SZ,ST京蓝,黑龙江
000901.SZ,航天科技,黑龙江
000922.SZ,佳电股份,黑龙江
000985.SZ,大庆华科,黑龙江
300040.SZ,九洲集团,黑龙江
002437.SZ,誉衡药业,黑龙江
601011.SS,宝泰隆,黑龙江
002698.SZ,博实股份,黑龙江
002737.SZ,葵花药业,黑龙江
603023.SS,威帝股份,黑龙江
603567.SS,珍宝岛,黑龙江
002900.SZ,哈三联,黑龙江
600666.SS,奥瑞德,黑龙江
688011.SS,新光光电,黑龙江
300900.SZ,广联航空,黑龙江
605577.SS,龙版传媒,黑龙江
301227.SZ,森鹰窗业,黑龙江
688459.SS,哈铁科技,黑龙江
301371.SZ,敷尔佳,黑龙江
603202.SS,天有为,黑龙江
920091.BJ,大鹏工业,黑龙江
000617.SZ,中油资本,新疆
600075.SS,新疆天业,新疆
600084.SS,中信尼雅,新疆
600089.SS,特变电工,新疆
600197.SS,伊力特,新疆
600251.SS,冠农股份,新疆
600256.SS,广汇能源,新疆
600339.SS,中油工程,新疆
600359.SS,新农开发,新疆
600419.SS,天润乳业,新疆
600425.SS,青松建化,新疆
600506.SS,统一股份,新疆
600509.SS,天富能源,新疆
600540.SS,新赛股份,新疆
600545.SS,卓郎智能,新疆
600581.SS,八一钢铁,新疆
600721.SS,百花医药,新疆
600737.SS,中粮糖业,新疆
600778.SS,友好集团,新疆
600888.SS,新疆众和,新疆
000159.SZ,国际实业,新疆
000415.SZ,渤海租赁,新疆
000813.SZ,德展健康,新疆
000877.SZ,天山股份,新疆
000972.SZ,*ST中基,新疆
002092.SZ,中泰化学,新疆
002100.SZ,天康生物,新疆
002202.SZ,金风科技,新疆
002205.SZ,国统股份,新疆
002207.SZ,准油股份,新疆
002302.SZ,西部建设,新疆
002307.SZ,北新路桥,新疆
300313.SZ,*ST天山,新疆
002524.SZ,光正眼科,新疆
002719.SZ,麦趣尔,新疆
300159.SZ,*ST新研,新疆
002700.SZ,万憬能源,新疆
300106.SZ,西部牧业,新疆
000166.SZ,申万宏源,新疆
601069.SS,西部黄金,新疆
603227.SS,雪峰科技,新疆
603101.SS,汇嘉时代,新疆
002800.SZ,天顺股份,新疆
603393.SS,新天然气,新疆
002828.SZ,贝肯能源,新疆
300588.SZ,熙菱信息,新疆
603032.SS,德新科技,新疆
300603.SZ,立昂技术,新疆
605169.SS,洪通燃气,新疆
603080.SS,新疆火炬,新疆
000633.SZ,合金投资,新疆
603706.SS,东方环宇,新疆
002941.SZ,新疆交建,新疆
300859.SZ,西域旅游,新疆
688303.SS,大全能源,新疆
301139.SZ,元道通信,新疆
001258.SZ,立新能源,新疆
001330.SZ,博纳影业,新疆
301301.SZ,川宁生物,新疆
601121.SS,宝地矿业,新疆
920088.BJ,科力股份,新疆
002532.SZ,天山铝业,新疆
600110.SS,诺德股份,吉林
600148.SS,长春一东,吉林
600189.SS,泉阳泉,吉林
600215.SS,派斯林,吉林
600333.SS,长春燃气,吉林
600360.SS,*ST华微,吉林
600365.SS,ST通葡,吉林
600697.SS,欧亚集团,吉林
600742.SS,富维股份,吉林
600867.SS,通化东宝,吉林
600881.SS,亚泰集团,吉林
601518.SS,吉林高速,吉林
000420.SZ,吉林化纤,吉林
000545.SZ,金浦钛业,吉林
000546.SZ,金圆股份,吉林
000623.SZ,吉林敖东,吉林
000661.SZ,长春高新,吉林
000686.SZ,东北证券,吉林
000766.SZ,通化金马,吉林
000800.SZ,一汽解放,吉林
000875.SZ,吉电股份,吉林
000928.SZ,中钢国际,吉林
002232.SZ,启明信息,吉林
002338.SZ,奥普光电,吉林
000718.SZ,苏宁环球,吉林
601929.SS,吉视传媒,吉林
002501.SZ,利源股份,吉林
002566.SZ,益盛药业,吉林
002622.SZ,皓宸医疗,吉林
300396.SZ,迪瑞医疗,吉林
603099.SS,长白山,吉林
300510.SZ,金冠股份,吉林
000030.SZ,富奥股份,吉林
603559.SS,ST通脉,吉林
688716.SS,中研股份,吉林
300597.SZ,吉大通信,吉林
003029.SZ,吉大正元,吉林
300923.SZ,研奥股份,吉林
000638.SZ,*ST万方,吉林
688378.SS,奥来德,吉林
601279.SS,英利汽车,吉林
300985.SZ,致远新能,吉林
688276.SS,百克生物,吉林
301130.SZ,西点药业,吉林
920726.BJ,朱老六,吉林
920077.BJ,吉林碳谷,吉林
002316.SZ,亚联发展,吉林
001395.SZ,亚联机械,吉林
600012.SS,皖通高速,安徽
600054.SS,黄山旅游,安徽
600063.SS,皖维高新,安徽
600199.SS,金种子酒,安徽
600218.SS,全柴动力,安徽
600237.SS,铜峰电子,安徽
600255.SS,鑫科材料,安徽
600318.SS,新力金融,安徽
600375.SS,汉马科技,安徽
600418.SS,江淮汽车,安徽
600444.SS,国机通用,安徽
600470.SS,六国化工,安徽
600496.SS,精工钢构,安徽
600502.SS,安徽建工,安徽
600520.SS,三佳科技,安徽
600552.SS,凯盛科技,安徽
600567.SS,山鹰国际,安徽
600575.SS,淮河能源,安徽
600577.SS,精达股份,安徽
600585.SS,海螺水泥,安徽
600761.SS,安徽合力,安徽
600808.SS,马钢股份,安徽
600971.SS,恒源煤电,安徽
600983.SS,惠而浦,安徽
600985.SS,淮北矿业,安徽
600990.SS,四创电子,安徽
601918.SS,新集能源,安徽
000417.SZ,合百集团,安徽
000521.SZ,长虹美菱,安徽
000543.SZ,皖能电力,安徽
000596.SZ,古井贡酒,安徽
000619.SZ,海螺新材,安徽
000630.SZ,铜陵有色,安徽
000713.SZ,国投丰乐,安徽
000728.SZ,国元证券,安徽
000850.SZ,华茂股份,安徽
000859.SZ,国风新材,安徽
000887.SZ,中鼎股份,安徽
000930.SZ,中粮科技,安徽
002014.SZ,永新股份,安徽
002042.SZ,华孚时尚,安徽
002057.SZ,中钢天源,安徽
002136.SZ,安 纳 达,安徽
002140.SZ,东华科技,安徽
002171.SZ,楚江新材,安徽
002226.SZ,江南化工,安徽
002230.SZ,科大讯飞,安徽
002298.SZ,中电鑫龙,安徽
002331.SZ,皖通科技,安徽
002347.SZ,泰尔股份,安徽
002361.SZ,神剑股份,安徽
300009.SZ,安科生物,安徽
300087.SZ,荃银高科,安徽
300088.SZ,长信科技,安徽
300274.SZ,阳光电源,安徽
002690.SZ,美亚光电,安徽
002555.SZ,三七互娱,安徽
002556.SZ,辉隆股份,安徽
002557.SZ,洽洽食品,安徽
002571.SZ,德力股份,安徽
002074.SZ,国轩高科,安徽
688165.SS,埃夫特-U,安徽
300218.SZ,安利股份,安徽
002597.SZ,金禾实业,安徽
300247.SZ,融捷健康,安徽
603308.SS,应流股份,安徽
002538.SZ,司尔特,安徽
002541.SZ,鸿路钢构,安徽
002607.SZ,中公教育,安徽
605108.SS,同庆楼,安徽
002743.SZ,富煌钢构,安徽
603199.SS,九华旅游,安徽
603011.SS,合锻智能,安徽
300388.SZ,节能国祯,安徽
603198.SS,迎驾贡酒,安徽
300452.SZ,山河药辅,安徽
300475.SZ,香农芯创,安徽
603589.SS,口子窖,安徽
603031.SS,安孚科技,安徽
300520.SZ,科大国创,安徽
002817.SZ,黄山胶囊,安徽
301529.SZ,福赛科技,安徽
600909.SS,华安证券,安徽
301520.SZ,万邦医药,安徽
603689.SS,皖天然气,安徽
300577.SZ,开润股份,安徽
300595.SZ,欧普康视,安徽
603656.SS,泰禾智能,安徽
603768.SS,常青股份,安徽
603429.SS,集友股份,安徽
301217.SZ,铜冠铜箔,安徽
603801.SS,志邦家居,安徽
603527.SS,众源新材,安徽
300692.SZ,中赋科技,安徽
603356.SS,华菱精工,安徽
603357.SS,设计总院,安徽
603596.SS,伯特利,安徽
601606.SS,长城军工,安徽
688600.SS,皖仪科技,安徽
688027.SS,国盾量子,安徽
300783.SZ,三只松鼠,安徽
002005.SZ,ST德豪,安徽
603815.SS,交建股份,安徽
300816.SZ,艾可蓝,安徽
300815.SZ,玉禾田,安徽
002969.SZ,嘉美包装,安徽
688077.SS,大地熊,安徽
300835.SZ,龙磁科技,安徽
002983.SZ,芯瑞达,安徽
300134.SZ,大富科技,安徽
000153.SZ,丰原药业,安徽
603599.SS,广信股份,安徽
300862.SZ,蓝盾光电,安徽
688586.SS,江航装备,安徽
688551.SS,科威尔,安徽
002997.SZ,瑞鹄模具,安徽
300877.SZ,金春股份,安徽
300886.SZ,华业香料,安徽
300883.SZ,龙利得,安徽
600551.SS,时代出版,安徽
601801.SS,皖新传媒,安徽
000868.SZ,安凯客车,安徽
002208.SZ,合肥城建,安徽
688219.SS,会通股份,安徽
003020.SZ,立方制药,安徽
688679.SS,通源环境,安徽
003027.SZ,同兴科技,安徽
300929.SZ,华骐环保,安徽
003038.SZ,鑫铂股份,安徽
300956.SZ,英力股份,安徽
688630.SS,芯碁微装,安徽
688659.SS,元琛科技,安徽
688639.SS,华恒生物,安徽
605189.SS,富春染织,安徽
688367.SS,工大高科,安徽
688768.SS,容知日新,安徽
301049.SZ,超越科技,安徽
688733.SS,壹石通,安徽
301129.SZ,瑞纳智能,安徽
001217.SZ,华尔泰,安徽
688162.SS,巨一科技,安徽
600935.SS,华塑股份,安徽
301108.SZ,洁雅股份,安徽
603110.SS,东方材料,安徽
301167.SZ,建研设计,安徽
603150.SS,万朗磁塑,安徽
001226.SZ,拓山重工,安徽
688251.SS,井松智能,安徽
301234.SZ,五洲医疗,安徽
001230.SZ,劲旅环境,安徽
688403.SS,汇成股份,安徽
300344.SZ,*ST立方,安徽
301321.SZ,翰博高新,安徽
688416.SS,恒烁股份,安徽
920489.BJ,佳先股份,安徽
920856.BJ,浩淼科技,安徽
920000.BJ,安徽凤凰,安徽
920981.BJ,晶赛科技,安徽
920992.BJ,中科美菱,安徽
688419.SS,耐科装备,安徽
920357.BJ,雅葆轩,安徽
301297.SZ,富乐德,安徽
920718.BJ,合肥高科,安徽
920478.BJ,峆一药业,安徽
688486.SS,龙迅股份,安徽
301408.SZ,华人健康,安徽
001311.SZ,多利科技,安徽
301429.SZ,森泰股份,安徽
688352.SS,颀中科技,安徽
688249.SS,晶合集成,安徽
001282.SZ,三联锻造,安徽
688582.SS,芯动联科,安徽
688610.SS,埃科光电,安徽
301519.SZ,舜禹股份,安徽
001387.SZ,雪祺电气,安徽
301586.SZ,佳力奇,安徽
920016.BJ,中草香料,安徽
001279.SZ,强邦新材,安徽
920019.BJ,铜冠矿建,安徽
920066.BJ,科拜尔,安徽
603395.SS,红四方,安徽
301581.SZ,黄山谷捷,安徽
920116.BJ,星图测控,安徽
603409.SS,汇通控股,安徽
301501.SZ,恒鑫生活,安徽
001390.SZ,古麒绒材,安徽
600007.SS,中国国贸,北京
600008.SS,首创环保,北京
600015.SS,华夏银行,北京
600016.SS,民生银行,北京
600028.SS,中国石化,北京
600037.SS,歌华有线,北京
600055.SS,万东医疗,北京
600056.SS,中国医药,北京
600058.SS,五矿发展,北京
600062.SS,华润双鹤,北京
600085.SS,同仁堂,北京
600100.SS,同方股份,北京
600118.SS,中国卫星,北京
600138.SS,中青旅,北京
600161.SS,天坛生物,北京
600166.SS,福田汽车,北京
600195.SS,中牧股份,北京
600198.SS,大唐电信,北京
600206.SS,有研新材,北京
600246.SS,万通发展,北京
600258.SS,首旅酒店,北京
600266.SS,城建发展,北京
600271.SS,航天信息,北京
600288.SS,大恒科技,北京
600299.SS,安迪苏,北京
600313.SS,农发种业,北京
600361.SS,创新新材,北京
600376.SS,首开股份,北京
600386.SS,北巴传媒,北京
600405.SS,动力源,北京
600410.SS,华胜天成,北京
600429.SS,三元股份,北京
600435.SS,北方导航,北京
600463.SS,空港股份,北京
600511.SS,国药股份,北京
600536.SS,中国软件,北京
600560.SS,金自天正,北京
600578.SS,京能电力,北京
600582.SS,天地科技,北京
600588.SS,用友网络,北京
600657.SS,信达地产,北京
600658.SS,电子城,北京
600764.SS,中国海防,北京
600791.SS,京能置业,北京
600855.SS,航天长峰,北京
600859.SS,王府井,北京
600860.SS,京城股份,北京
600861.SS,北京人力,北京
600900.SS,长江电力,北京
600962.SS,国投中鲁,北京
600980.SS,北矿科技,北京
601088.SS,中国神华,北京
601101.SS,昊华能源,北京
601111.SS,中国国航,北京
601117.SS,中国化学,北京
601169.SS,北京银行,北京
601186.SS,中国铁建,北京
601390.SS,中国中铁,北京
601398.SS,工商银行,北京
601588.SS,北辰实业,北京
601600.SS,中国铝业,北京
601618.SS,中国中冶,北京
601628.SS,中国人寿,北京
601668.SS,中国建筑,北京
601766.SS,中国中车,北京
601857.SS,中国石油,北京
601888.SS,中国中免,北京
601898.SS,中煤能源,北京
601939.SS,建设银行,北京
601988.SS,中国银行,北京
601991.SS,大唐发电,北京
601998.SS,中信银行,北京
000065.SZ,北方国际,北京
000151.SZ,中成股份,北京
000402.SZ,金 融 街,北京
000609.SZ,ST中迪,北京
000725.SZ,京东方Ａ,北京
000729.SZ,燕京啤酒,北京
000758.SZ,中色股份,北京
000786.SZ,北新建材,北京
000798.SZ,中水渔业,北京
000802.SZ,北京文化,北京
000839.SZ,国安股份,北京
000860.SZ,顺鑫农业,北京
000882.SZ,华联股份,北京
000931.SZ,中 关 村,北京
000938.SZ,紫光股份,北京
000959.SZ,首钢股份,北京
000969.SZ,安泰科技,北京
000970.SZ,中科三环,北京
002038.SZ,双鹭药业,北京
002051.SZ,中工国际,北京
002065.SZ,东华软件,北京
002066.SZ,瑞泰科技,北京
002148.SZ,北纬科技,北京
002151.SZ,北斗星通,北京
002153.SZ,石基信息,北京
002186.SZ,全 聚 德,北京
002271.SZ,东方雨虹,北京
002279.SZ,久其软件,北京
002306.SZ,*ST云网,北京
002310.SZ,东方园林,北京
002350.SZ,北京科锐,北京
002362.SZ,汉王科技,北京
002368.SZ,太极股份,北京
002371.SZ,北方华创,北京
002373.SZ,千方科技,北京
002383.SZ,合众思壮,北京
002385.SZ,大北农,北京
002392.SZ,北京利尔,北京
002405.SZ,四维图新,北京
002410.SZ,广联达,北京
300002.SZ,神州泰岳,北京
300003.SZ,乐普医疗,北京
300005.SZ,探路者,北京
300010.SZ,豆神教育,北京
300011.SZ,鼎汉技术,北京
300016.SZ,北陆药业,北京
300034.SZ,钢研高纳,北京
300036.SZ,超图软件,北京
300045.SZ,华力创通,北京
300048.SZ,合康新能,北京
300055.SZ,万邦达,北京
300058.SZ,蓝色光标,北京
300065.SZ,海兰信,北京
300070.SZ,碧水源,北京
300072.SZ,海新能科,北京
300073.SZ,当升科技,北京
300075.SZ,数字政通,北京
300079.SZ,数码视讯,北京
600050.SS,中国联通,北京
002439.SZ,启明星辰,北京
601718.SS,际华集团,北京
300271.SZ,华宇软件,北京
002642.SZ,荣联科技,北京
603000.SS,人民网,北京
300324.SZ,旋极信息,北京
300352.SZ,北信源,北京
300157.SZ,新锦动力,北京
601126.SS,四方股份,北京
300287.SZ,飞利信,北京
300166.SZ,东方国信,北京
300289.SZ,利德曼,北京
002657.SZ,中科金财,北京
002462.SZ,嘉事堂,北京
300182.SZ,捷成股份,北京
601992.SS,金隅集团,北京
300150.SZ,世纪瑞尔,北京
300200.SZ,高盟新材,北京
300291.SZ,百纳千成,北京
002662.SZ,峰璟股份,北京
002658.SZ,雪迪龙,北京
300296.SZ,利亚德,北京
601136.SS,首创证券,北京
301159.SZ,三维天地,北京
300851.SZ,交大思诺,北京
300212.SZ,易华录,北京
300213.SZ,佳讯飞鸿,北京
002721.SZ,金一文化,北京
300369.SZ,绿盟科技,北京
300315.SZ,掌趣科技,北京
601336.SS,新华保险,北京
002701.SZ,奥瑞金,北京
300139.SZ,晓程科技,北京
002649.SZ,博彦科技,北京
300332.SZ,天壕能源,北京
000603.SZ,盛达资源,北京
300223.SZ,北京君正,北京
300231.SZ,银信科技,北京
002599.SZ,盛通股份,北京
601800.SS,中国交建,北京
002542.SZ,中化岩土,北京
000620.SZ,盈新发展,北京
600159.SS,大龙地产,北京
600489.SS,中金黄金,北京
603123.SS,翠微股份,北京
300302.SZ,同有科技,北京
601288.SS,农业银行,北京
300353.SZ,东土科技,北京
002573.SZ,清新环境,北京
300191.SZ,潜能恒信,北京
601669.SS,中国电建,北京
300204.SZ,舒泰神,北京
002707.SZ,众信旅游,北京
300365.SZ,恒华科技,北京
002713.SZ,*ST东易,北京
002467.SZ,二六三,北京
601818.SS,光大银行,北京
300318.SZ,博晖创新,北京
300251.SZ,光线传媒,北京
601886.SS,江河集团,北京
601908.SS,京运通,北京
300383.SZ,光环新网,北京
300379.SZ,东通退,北京
601016.SS,节能风电,北京
300406.SZ,九强生物,北京
603698.SS,航天工程,北京
300419.SZ,ST浩丰,北京
601198.SS,东兴证券,北京
300386.SZ,飞天诚信,北京
300374.SZ,中铁装配,北京
300430.SZ,诚益通,北京
603588.SS,高能环境,北京
002738.SZ,中矿资源,北京
002739.SZ,万达电影,北京
300364.SZ,中文在线,北京
300418.SZ,昆仑万维,北京
300384.SZ,三联虹普,北京
601226.SS,华电科工,北京
002755.SZ,奥赛康,北京
603598.SS,引力传媒,北京
300465.SZ,高伟达,北京
601985.SS,XD中国核,北京
603616.SS,韩建河山,北京
300449.SZ,汉邦高科,北京
603818.SS,曲美家居,北京
300445.SZ,康斯特,北京
603025.SS,大豪科技,北京
300444.SZ,双杰电气,北京
300456.SZ,赛微电子,北京
300455.SZ,航天智装,北京
603979.SS,金诚信,北京
002771.SZ,真视通,北京
300485.SZ,赛升药业,北京
603778.SS,国晟科技,北京
300496.SZ,中科创达,北京
002780.SZ,三夫户外,北京
603377.SS,ST东时,北京
000008.SZ,神州高铁,北京
600031.SS,三一重工,北京
600372.SS,中航机载,北京
600730.SS,中国高科,北京
600743.SS,华远控股,北京
600871.SS,石化油服,北京
600886.SS,国投电力,北京
000605.SZ,渤海股份,北京
300513.SZ,恒实科技,北京
600977.SS,中国电影,北京
603569.SS,长久物流,北京
603986.SS,兆易创新,北京
002819.SZ,东方中科,北京
603060.SS,国检集团,北京
300541.SZ,先进数通,北京
603888.SS,新华网,北京
300523.SZ,辰安科技,北京
300542.SZ,新晨科技,北京
300552.SZ,万集科技,北京
603859.SS,能科科技,北京
603098.SS,森特股份,北京
300579.SZ,数字认证,北京
601881.SS,中国银河,北京
601858.SS,中国科传,北京
002829.SZ,星网宇达,北京
300593.SZ,新雷能,北京
603803.SS,瑞斯康达,北京
300608.SZ,思特奇,北京
603903.SS,中持股份,北京
603138.SS,海量数据,北京
300612.SZ,宣亚国际,北京
688256.SS,寒武纪-U,北京
688500.SS,慧辰股份,北京
601995.SS,中金公司,北京
300958.SZ,建工修复,北京
688520.SS,神州细胞,北京
603860.SS,中公高科,北京
601949.SS,中国出版,北京
300688.SZ,创业黑马,北京
688004.SS,博汇科技,北京
300667.SZ,必创科技,北京
300661.SZ,圣邦股份,北京
300684.SZ,中石科技,北京
002893.SZ,京能热力,北京
603127.SS,昭衍新药,北京
300663.SZ,科蓝软件,北京
300662.SZ,科锐国际,北京
002878.SZ,元隆雅图,北京
300719.SZ,安达维尔,北京
300736.SZ,百邦科技,北京
603533.SS,掌阅科技,北京
002659.SZ,凯文教育,北京
603871.SS,嘉友国际,北京
603516.SS,淳中科技,北京
603970.SS,中农立华,北京
601066.SS,中信建投,北京
603590.SS,康辰药业,北京
002933.SZ,新兴装备,北京
600733.SS,北汽蓝谷,北京
601068.SS,中铝国际,北京
601319.SS,中国人保,北京
300674.SZ,宇信科技,北京
600155.SS,华创云信,北京
601598.SS,中国外运,北京
300081.SZ,恒信东方,北京
300759.SZ,康龙化成,北京
300773.SZ,拉卡拉,北京
688277.SS,天智航-U,北京
300846.SZ,首都在线,北京
688568.SS,中科星图,北京
603267.SS,鸿远电子,北京
600528.SS,中铁工业,北京
688015.SS,交控科技,北京
600968.SS,海油发展,北京
601698.SS,中国卫通,北京
603613.SS,国联股份,北京
688009.SS,中国通号,北京
688028.SS,沃尔德,北京
688033.SS,天宜新材,北京
603927.SS,中科软,北京
688168.SS,安博通,北京
300785.SZ,值得买,北京
300788.SZ,中信出版,北京
688369.SS,致远互联,北京
300797.SZ,钢研纳克,北京
688058.SS,宝兰德,北京
688068.SS,热景生物,北京
300803.SZ,指南针,北京
601658.SS,邮储银行,北京
002963.SZ,豪尔赛,北京
688111.SS,金山办公,北京
688078.SS,龙软科技,北京
601816.SS,京沪高铁,北京
300810.SZ,中科海讯,北京
688198.SS,佰仁医疗,北京
688181.SS,八亿时空,北京
688200.SS,华峰测控,北京
688169.SS,石头科技,北京
688080.SS,映翰通,北京
002985.SZ,北摩高科,北京
300825.SZ,阿尔特,北京
688051.SS,佳华科技,北京
603392.SS,万泰生物,北京
688466.SS,金科环境,北京
002987.SZ,京北方,北京
688338.SS,赛科希德,北京
688339.SS,亿华通-U,北京
002995.SZ,天地在线,北京
688050.SS,爱博医疗,北京
300860.SZ,锋尚文化,北京
688229.SS,博睿数据,北京
603087.SS,甘李药业,北京
300858.SZ,科拓生物,北京
688561.SS,奇安信-U,北京
688569.SS,铁科轨道,北京
605178.SS,时空科技,北京
688056.SS,莱伯泰科,北京
688356.SS,键凯科技,北京
003005.SZ,竞业达,北京
300895.SZ,铜牛信息,北京
003001.SZ,中岩大地,北京
300887.SZ,谱尼测试,北京
003007.SZ,直真科技,北京
300896.SZ,爱美客,北京
002612.SZ,朗姿股份,北京
300229.SZ,拓尔思,北京
003004.SZ,*ST声迅,北京
688658.SS,悦康药业,北京
300928.SZ,华安鑫创,北京
300935.SZ,盈建科,北京
600916.SS,中国黄金,北京
688687.SS,凯因科技,北京
688316.SS,青云科技-U,北京
688456.SS,有研粉材,北京
688315.SS,诺禾致源,北京
688201.SS,信安世纪,北京
605305.SS,中际联合,北京
300965.SZ,恒宇信通,北京
688468.SS,科美诊断,北京
603511.SS,爱慕股份,北京
688613.SS,奥精医疗,北京
688597.SS,煜邦电力,北京
600905.SS,三峡能源,北京
688621.SS,阳光诺和,北京
001210.SZ,金房能源,北京
688509.SS,正元地信,北京
688787.SS,海天瑞声,北京
300774.SZ,倍杰特,北京
605069.SS,正和生态,北京
301047.SZ,义翘神州,北京
601728.SS,中国电信,北京
001213.SZ,中铁特货,北京
605599.SS,菜百股份,北京
301085.SZ,亚康股份,北京
601868.SS,中国能建,北京
301080.SZ,百普赛斯,北京
301169.SZ,零点有数,北京
688280.SS,精进电动-UW,北京
688272.SS,富吉瑞,北京
688722.SS,同益中,北京
688246.SS,嘉和美康,北京
688236.SS,春立医疗,北京
001289.SZ,龙源电力,北京
688282.SS,理工导航,北京
688207.SS,格灵深瞳,北京
688197.SS,首药控股-U,北京
301236.SZ,软通动力,北京
688326.SS,经纬恒润-W,北京
301120.SZ,新特电气,北京
301162.SZ,国能日新,北京
301153.SZ,中科江南,北京
688287.SS,*ST观典,北京
601089.SS,福元医药,北京
688047.SS,龙芯中科,北京
301302.SZ,华如科技,北京
688349.SS,三一重能,北京
688400.SS,凌云光,北京
301175.SZ,中科环保,北京
301208.SZ,中亦科技,北京
300071.SZ,福石控股,北京
301269.SZ,华大九天,北京
688253.SS,英诺特,北京
301333.SZ,诺思格,北京
688292.SS,浩瀚深度,北京
301270.SZ,汉仪股份,北京
001259.SZ,利仁科技,北京
920047.BJ,诺思兰德,北京
920090.BJ,同辉信息,北京
920145.BJ,恒合股份,北京
920819.BJ,颖泰生物,北京
920021.BJ,流金科技,北京
920179.BJ,凯德石英,北京
920184.BJ,国源科技,北京
920508.BJ,殷图网联,北京
920263.BJ,中航泰达,北京
920344.BJ,三元基因,北京
920553.BJ,凯腾精工,北京
301276.SZ,嘉曼服饰,北京
920122.BJ,中纺标,北京
688244.SS,永信至诚,北京
301367.SZ,瑞迈特,北京
301380.SZ,挖金客,北京
688291.SS,金橙子,北京
688432.SS,有研硅,北京
688084.SS,晶品特装,北京
920808.BJ,曙光数创,北京
688489.SS,三未信安,北京
688172.SS,燕东微,北京
920429.BJ,康比特,北京
301265.SZ,华新环保,北京
920879.BJ,基康技术,北京
601059.SS,信达证券,北京
688485.SS,九州一轨,北京
920575.BJ,康乐卫士,北京
601061.SS,中信金属,北京
920208.BJ,青矩技术,北京
301293.SZ,三博脑科,北京
688458.SS,美芯晟,北京
688562.SS,航天软件,北京
920017.BJ,星昊医药,北京
688570.SS,天玛智控,北京
920592.BJ,华信永道,北京
301370.SZ,国科恒泰,北京
688563.SS,航材股份,北京
688651.SS,盛邦安全,北京
301372.SZ,科净源,北京
002413.SZ,雷科防务,北京
920493.BJ,并行科技,北京
301508.SZ,中机认检,北京
688652.SS,京仪装备,北京
920579.BJ,机科股份,北京
920703.BJ,广厦环能,北京
920806.BJ,云星宇,北京
600715.SS,文投控股,北京
603082.SS,北自科技,北京
301571.SZ,国科天成,北京
002453.SZ,华软科技,北京
301598.SZ,博科测试,北京
001391.SZ,国货航,北京
688411.SS,海博思创,北京
688729.SS,屹唐股份,北京
301668.SZ,昊创瑞通,北京
688790.SS,昂瑞微-UW,北京
300477.SZ,ST合纵,北京
920160.BJ,北矿检测,北京
001280.SZ,中国铀业,北京
688795.SS,摩尔线程-U,北京
688796.SS,百奥赛图,北京
600033.SS,福建高速,福建
600103.SS,青山纸业,福建
600163.SS,中闽能源,福建
600203.SS,福日电子,福建
600388.SS,龙净环保,福建
600436.SS,片仔癀,福建
600483.SS,福能股份,福建
600493.SS,凤竹纺织,福建
600573.SS,惠泉啤酒,福建
600660.SS,福耀玻璃,福建
600693.SS,东百集团,福建
600734.SS,实达集团,福建
600802.SS,福建水泥,福建
601899.SS,紫金矿业,福建
000536.SZ,华映科技,福建
000547.SZ,航天发展,福建
000592.SZ,平潭发展,福建
000632.SZ,三木集团,福建
000663.SZ,永安林业,福建
000753.SZ,漳州发展,福建
000797.SZ,中国武夷,福建
000993.SZ,闽东电力,福建
000997.SZ,新 大 陆,福建
002029.SZ,七 匹 狼,福建
002093.SZ,国脉科技,福建
002098.SZ,浔兴股份,福建
002110.SZ,三钢闽光,福建
002174.SZ,游族网络,福建
002229.SZ,鸿博股份,福建
002299.SZ,圣农发展,福建
002300.SZ,太阳电缆,福建
002396.SZ,星网锐捷,福建
300062.SZ,中能电气,福建
002217.SZ,合力泰,福建
300174.SZ,元力股份,福建
601933.SS,永辉超市,福建
002578.SZ,闽发铝业,福建
601377.SS,兴业证券,福建
300198.SZ,ST纳川,福建
002474.SZ,榕基软件,福建
002682.SZ,龙洲股份,福建
300132.SZ,青松股份,福建
002702.SZ,海欣食品,福建
601566.SS,九牧王,福建
300299.SZ,富春股份,福建
002674.SZ,兴业科技,福建
002679.SZ,福建金森,福建
002517.SZ,恺英网络,福建
603306.SS,华懋科技,福建
603678.SS,火炬电子,福建
603686.SS,福龙马,福建
300427.SZ,红相股份,福建
002729.SZ,好利科技,福建
603408.SS,建霖家居,福建
605118.SS,力鼎光电,福建
002752.SZ,昇兴股份,福建
300436.SZ,广生堂,福建
603636.SS,南威软件,福建
002785.SZ,万里石,福建
300867.SZ,圣元环保,福建
002788.SZ,鹭燕医药,福建
002790.SZ,瑞尔特,福建
600815.SS,厦工股份,福建
600057.SS,厦门象屿,福建
002228.SZ,合兴包装,福建
600686.SS,金龙汽车,福建
000905.SZ,厦门港务,福建
300056.SZ,中创环保,福建
002335.SZ,科华数据,福建
000526.SZ,学大教育,福建
002614.SZ,奥佳华,福建
300188.SZ,国投智能,福建
300341.SZ,麦克奥迪,福建
600549.SS,厦门钨业,福建
002264.SZ,新 华 都,福建
000701.SZ,厦门信达,福建
600563.SS,法拉电子,福建
300102.SZ,乾照光电,福建
600755.SS,厦门国贸,福建
600711.SS,盛屯矿业,福建
600153.SS,建发股份,福建
300096.SZ,ST易联众,福建
600897.SS,厦门空港,福建
002626.SZ,金达威,福建
002235.SZ,安妮股份,福建
002398.SZ,垒知集团,福建
002593.SZ,日上集团,福建
603737.SS,三棵树,福建
603909.SS,建发合诚,福建
002803.SZ,吉宏股份,福建
300525.SZ,博思软件,福建
603663.SS,三祥新材,福建
300560.SZ,中富通,福建
603668.SS,天马科技,福建
603444.SS,吉比特,福建
603628.SS,清源股份,福建
603826.SS,坤彩科技,福建
603615.SS,茶花股份,福建
300640.SZ,德艺文创,福建
603817.SS,海峡环保,福建
300605.SZ,恒锋信息,福建
300628.SZ,亿联网络,福建
603345.SS,安井食品,福建
300632.SZ,光莆股份,福建
001368.SZ,通达创智,福建
300648.SZ,星云股份,福建
002868.SZ,*ST绿康,福建
688195.SS,腾景科技,福建
003019.SZ,宸展光电,福建
300658.SZ,延江股份,福建
603933.SS,睿能科技,福建
300685.SZ,艾德生物,福建
300650.SZ,太龙股份,福建
603180.SS,金牌家居,福建
603383.SS,顶点软件,福建
300657.SZ,弘信电子,福建
002925.SZ,盈趣科技,福建
300712.SZ,永福股份,福建
002901.SZ,大博医疗,福建
603363.SS,傲农生物,福建
300750.SZ,宁德时代,福建
002512.SZ,达华智能,福建
002961.SZ,瑞达期货,福建
688010.SS,福光股份,福建
603992.SS,松霖科技,福建
688196.SS,卓越新能,福建
688278.SS,特宝生物,福建
603893.SS,瑞芯微,福建
688398.SS,赛特新材,福建
300972.SZ,万辰集团,福建
002639.SZ,雪人集团,福建
300706.SZ,阿石创,福建
600753.SS,*ST海钦,福建
688095.SS,福昕软件,福建
601187.SS,厦门银行,福建
603696.SS,安记食品,福建
600067.SS,冠城新材,福建
600592.SS,龙溪股份,福建
601166.SS,兴业银行,福建
002222.SZ,福晶科技,福建
300902.SZ,国安达,福建
003016.SZ,欣贺股份,福建
300884.SZ,狄耐克,福建
605299.SS,舒华体育,福建
300946.SZ,恒而达,福建
300941.SZ,创识科技,福建
688619.SS,罗普特,福建
300955.SZ,嘉亨家化,福建
605086.SS,龙高股份,福建
300300.SZ,海峡创新,福建
605365.SS,立达信,福建
301028.SZ,东亚机械,福建
688778.SS,厦钨新能,福建
301196.SZ,唯科科技,福建
301136.SZ,招标股份,福建
603209.SS,兴通股份,福建
301148.SZ,嘉戎技术,福建
301300.SZ,远翔新材,福建
920445.BJ,龙竹科技,福建
301267.SZ,华厦眼科,福建
603280.SS,南方路机,福建
301165.SZ,锐捷网络,福建
920571.BJ,国航远洋,福建
603162.SS,海通发展,福建
301355.SZ,南王科技,福建
920748.BJ,路桥信息,福建
301568.SZ,思泰克,福建
920706.BJ,铁拓机械,福建
301536.SZ,星宸科技,福建
301565.SZ,中仑新材,福建
301600.SZ,慧翰股份,福建
600930.SS,华电新能,福建
688727.SS,恒坤新材,福建
001233.SZ,海安集团,福建
600179.SS,安通控股,福建
688807.SS,优迅股份,福建
600108.SS,亚盛集团,甘肃
600192.SS,长城电工,甘肃
600307.SS,酒钢宏兴,甘肃
600354.SS,敦煌种业,甘肃
600516.SS,方大炭素,甘肃
600543.SS,莫高股份,甘肃
600720.SS,中交设计,甘肃
600738.SS,丽尚国潮,甘肃
000552.SZ,甘肃能化,甘肃
000779.SZ,甘咨询,甘肃
000791.SZ,甘肃能源,甘肃
000929.SZ,*ST兰黄,甘肃
000995.SZ,皇台酒业,甘肃
002145.SZ,钛能化学,甘肃
002185.SZ,华天科技,甘肃
002219.SZ,新里程,甘肃
300021.SZ,大禹节水,甘肃
300084.SZ,海默科技,甘肃
000672.SZ,上峰水泥,甘肃
000981.SZ,山子高科,甘肃
002644.SZ,佛慈制药,甘肃
601798.SS,蓝科高新,甘肃
603169.SS,兰石重装,甘肃
603999.SS,读者传媒,甘肃
002772.SZ,众兴菌业,甘肃
603919.SS,金徽酒,甘肃
300534.SZ,陇神戎发,甘肃
601212.SS,白银有色,甘肃
000691.SZ,*ST亚太,甘肃
601086.SS,国芳集团,甘肃
002910.SZ,庄园牧场,甘肃
001227.SZ,兰州银行,甘肃
603132.SS,金徽股份,甘肃
300093.SZ,*ST金刚,甘肃
300094.SZ,国联水产,广东
002449.SZ,国星光电,广东
002482.SZ,广田集团,广东
600162.SS,香江控股,广东
002886.SZ,沃特股份,广东
601238.SS,广汽集团,广东
603002.SS,宏昌电子,广东
002676.SZ,顺威股份,广东
300130.SZ,新国都,广东
300131.SZ,英唐智控,广东
002441.SZ,众业达,广东
002678.SZ,珠江钢琴,广东
002511.SZ,中顺洁柔,广东
300112.SZ,万讯自控,广东
300146.SZ,汤臣倍健,广东
300147.SZ,ST香雪,广东
002528.SZ,ST英飞拓,广东
002465.SZ,海格通信,广东
002575.SZ,群兴玩具,广东
300155.SZ,安居宝,广东
002620.SZ,ST瑞和,广东
300301.SZ,ST长方,广东
300303.SZ,聚飞光电,广东
300167.SZ,ST迪威迅,广东
002461.SZ,珠江啤酒,广东
002638.SZ,勤上股份,广东
002551.SZ,尚荣医疗,广东
300149.SZ,睿智医药,广东
300151.SZ,昌红科技,广东
300199.SZ,翰宇药业,广东
002666.SZ,德联集团,广东
300348.SZ,长亮科技,广东
300136.SZ,信维通信,广东
002475.SZ,立讯精密,广东
300173.SZ,ST福能,广东
300193.SZ,佳士科技,广东
300333.SZ,兆日科技,广东
300335.SZ,迪森股份,广东
300311.SZ,ST任子行,广东
002672.SZ,东江环保,广东
301391.SZ,卡莱特,广东
002683.SZ,广东宏大,广东
300098.SZ,高新兴,广东
920075.BJ,柏星龙,广东
000012.SZ,南  玻Ａ,广东
000014.SZ,沙河股份,广东
000016.SZ,深康佳Ａ,广东
000017.SZ,深中华A,广东
000019.SZ,深粮控股,广东
000020.SZ,深华发Ａ,广东
000021.SZ,深科技,广东
000025.SZ,特  力Ａ,广东
000026.SZ,飞亚达,广东
000027.SZ,深圳能源,广东
000028.SZ,国药一致,广东
000029.SZ,深深房Ａ,广东
000031.SZ,大悦城,广东
000032.SZ,深桑达Ａ,广东
000034.SZ,神州数码,广东
000036.SZ,华联控股,广东
000037.SZ,深南电A,广东
000039.SZ,中集集团,广东
000042.SZ,中洲控股,广东
000045.SZ,深纺织Ａ,广东
000048.SZ,京基智农,广东
000049.SZ,德赛电池,广东
000055.SZ,方大集团,广东
000056.SZ,皇庭国际,广东
000058.SZ,深 赛 格,广东
000060.SZ,中金岭南,广东
000061.SZ,农 产 品,广东
000062.SZ,深圳华强,广东
000063.SZ,中兴通讯,广东
000066.SZ,中国长城,广东
000068.SZ,华控赛格,广东
000069.SZ,华侨城Ａ,广东
000070.SZ,特发信息,广东
000078.SZ,海王生物,广东
000088.SZ,盐 田 港,广东
000089.SZ,深圳机场,广东
000090.SZ,天健集团,广东
000096.SZ,广聚能源,广东
000099.SZ,中信海直,广东
000100.SZ,TCL科技,广东
000429.SZ,粤高速Ａ,广东
000507.SZ,珠海港,广东
000513.SZ,丽珠集团,广东
000523.SZ,红棉股份,广东
000524.SZ,岭南控股,广东
000529.SZ,广弘控股,广东
000531.SZ,穗恒运Ａ,广东
000532.SZ,华金资本,广东
000533.SZ,顺钠股份,广东
000534.SZ,万泽股份,广东
000539.SZ,粤电力Ａ,广东
000541.SZ,佛山照明,广东
000555.SZ,神州信息,广东
000573.SZ,粤宏远Ａ,广东
000576.SZ,甘化科工,广东
000601.SZ,韶能股份,广东
000636.SZ,风华高科,广东
000637.SZ,茂化实华,广东
000651.SZ,格力电器,广东
000659.SZ,珠海中富,广东
000685.SZ,中山公用,广东
000690.SZ,宝新能源,广东
000712.SZ,锦龙股份,广东
000717.SZ,中南股份,广东
000776.SZ,广发证券,广东
000782.SZ,恒申新材,广东
000823.SZ,超声电子,广东
000828.SZ,东莞控股,广东
000893.SZ,亚钾国际,广东
000921.SZ,海信家电,广东
000973.SZ,佛塑科技,广东
000987.SZ,越秀资本,广东
002008.SZ,大族激光,广东
002016.SZ,世荣兆业,广东
002017.SZ,东信和平,广东
002030.SZ,达安基因,广东
002031.SZ,巨轮智能,广东
002035.SZ,华帝股份,广东
002045.SZ,国光电器,广东
002047.SZ,*ST宝鹰,广东
002052.SZ,同洲电子,广东
002054.SZ,德美化工,广东
002055.SZ,ST得润,广东
002060.SZ,广东建工,广东
002063.SZ,远光软件,广东
002076.SZ,*ST星光,广东
002084.SZ,海鸥住工,广东
002101.SZ,广东鸿图,广东
002105.SZ,信隆健康,广东
002106.SZ,莱宝高科,广东
002121.SZ,科陆电子,广东
002130.SZ,沃尔核材,广东
002137.SZ,实益达,广东
002138.SZ,顺络电子,广东
002139.SZ,拓邦股份,广东
002141.SZ,贤丰控股,广东
002152.SZ,广电运通,广东
002161.SZ,远 望 谷,广东
002163.SZ,海南发展,广东
002167.SZ,东方锆业,广东
002169.SZ,智光电气,广东
002170.SZ,芭田股份,广东
002177.SZ,御银股份,广东
002180.SZ,纳思达,广东
002181.SZ,粤 传 媒,广东
002183.SZ,怡 亚 通,广东
002187.SZ,广百股份,广东
002191.SZ,劲嘉股份,广东
002192.SZ,融捷股份,广东
002198.SZ,嘉应制药,广东
002209.SZ,达 意 隆,广东
002210.SZ,飞马国际,广东
002212.SZ,天融信,广东
002213.SZ,大为股份,广东
002215.SZ,诺 普 信,广东
002218.SZ,拓日新能,广东
002227.SZ,奥 特 迅,广东
002233.SZ,塔牌集团,广东
002238.SZ,天威视讯,广东
000010.SZ,美丽生态,广东
000011.SZ,深物业A,广东
002243.SZ,力合科创,广东
002249.SZ,大洋电机,广东
002256.SZ,兆新股份,广东
300852.SZ,四会富仕,广东
002285.SZ,世联行,广东
002289.SZ,*ST宇顺,广东
002291.SZ,遥望科技,广东
002292.SZ,奥飞娱乐,广东
002294.SZ,信立泰,广东
002295.SZ,精艺股份,广东
002301.SZ,齐心集团,广东
002303.SZ,美盈森,广东
002311.SZ,海大集团,广东
002313.SZ,日海智能,广东
002314.SZ,南山控股,广东
002317.SZ,众生药业,广东
002319.SZ,乐通股份,广东
002327.SZ,富安娜,广东
002334.SZ,英威腾,广东
002340.SZ,格林美,广东
002345.SZ,潮宏基,广东
002348.SZ,高乐股份,广东
002351.SZ,漫步者,广东
002356.SZ,赫美集团,广东
002369.SZ,卓翼科技,广东
002399.SZ,海普瑞,广东
002400.SZ,省广集团,广东
002402.SZ,和而泰,广东
002416.SZ,爱施德,广东
002419.SZ,天虹股份,广东
002420.SZ,毅昌科技,广东
002429.SZ,兆驰股份,广东
002436.SZ,兴森科技,广东
300012.SZ,华测检测,广东
300014.SZ,亿纬锂能,广东
300030.SZ,阳普医疗,广东
300037.SZ,新宙邦,广东
300042.SZ,朗科科技,广东
300043.SZ,星辉娱乐,广东
300044.SZ,ST赛为,广东
300047.SZ,天源迪科,广东
300050.SZ,世纪鼎利,广东
300052.SZ,ST中青宝,广东
300053.SZ,航宇微,广东
300057.SZ,万顺新材,广东
300063.SZ,天龙集团,广东
300077.SZ,国民技术,广东
300083.SZ,创世纪,广东
300085.SZ,银之杰,广东
002446.SZ,盛路通信,广东
002421.SZ,达实智能,广东
002425.SZ,凯撒文化,广东
600004.SS,白云机场,广东
600029.SS,南方航空,广东
600030.SS,中信证券,广东
600036.SS,招商银行,广东
600048.SS,保利发展,广东
600098.SS,广州发展,广东
600143.SS,金发科技,广东
600183.SS,生益科技,广东
600323.SS,瀚蓝环境,广东
600325.SS,华发股份,广东
600332.SS,白云山,广东
600380.SS,健康元,广东
600382.SS,广东明珠,广东
600383.SS,金地集团,广东
600428.SS,中远海特,广东
600433.SS,冠豪高新,广东
600446.SS,金证股份,广东
600499.SS,科达制造,广东
600518.SS,康美药业,广东
600525.SS,ST长园,广东
600589.SS,大位科技,广东
600673.SS,东阳光,广东
600684.SS,珠江股份,广东
600685.SS,中船防务,广东
600728.SS,佳都科技,广东
600866.SS,星湖科技,广东
600868.SS,梅雁吉祥,广东
600872.SS,中炬高新,广东
600894.SS,广日股份,广东
600999.SS,招商证券,广东
601139.SS,深圳燃气,广东
601318.SS,中国平安,广东
601333.SS,广深铁路,广东
000001.SZ,平安银行,广东
000002.SZ,万  科Ａ,广东
000004.SZ,*ST国华,广东
000006.SZ,深振业Ａ,广东
000007.SZ,全新好,广东
000009.SZ,中国宝安,广东
300340.SZ,科恒股份,广东
002579.SZ,中京电子,广东
002723.SZ,小崧股份,广东
002705.SZ,新宝股份,广东
300377.SZ,赢时胜,广东
002717.SZ,ST岭南,广东
002715.SZ,登云股份,广东
002577.SZ,雷柏科技,广东
300319.SZ,麦捷科技,广东
300322.SZ,硕贝德,广东
000333.SZ,美的集团,广东
002681.SZ,奋达科技,广东
300310.SZ,宜通世纪,广东
002548.SZ,金新农,广东
002656.SZ,*ST摩登,广东
300219.SZ,鸿利智汇,广东
300221.SZ,银禧科技,广东
002583.SZ,海能达,广东
002584.SZ,西陇科学,广东
300328.SZ,宜安科技,广东
300227.SZ,光韵达,广东
002587.SZ,奥拓电子,广东
300232.SZ,洲明科技,广东
002594.SZ,比亚迪,广东
300235.SZ,方直科技,广东
300238.SZ,冠昊生物,广东
300241.SZ,瑞丰光电,广东
300242.SZ,佳云科技,广东
002600.SZ,领益智造,广东
002668.SZ,TCL智家,广东
002492.SZ,恒基达鑫,广东
002495.SZ,佳隆股份,广东
600185.SS,珠免集团,广东
002543.SZ,万和电气,广东
002544.SZ,普天科技,广东
300162.SZ,雷曼光电,广东
300197.SZ,节能铁汉,广东
300281.SZ,金明精机,广东
002663.SZ,普邦股份,广东
300154.SZ,瑞凌股份,广东
300176.SZ,鸿特科技,广东
300177.SZ,中海达,广东
002609.SZ,捷顺科技,广东
002611.SZ,东方精工,广东
002616.SZ,长青集团,广东
300252.SZ,金信诺,广东
300264.SZ,佳创视讯,广东
002660.SZ,茂硕电源,广东
300350.SZ,华鹏飞,广东
300359.SZ,全通教育,广东
300206.SZ,理邦仪器,广东
300207.SZ,欣旺达,广东
002709.SZ,天赐材料,广东
300376.SZ,ST易事特,广东
300269.SZ,联建光电,广东
002518.SZ,科士达,广东
002572.SZ,索菲亚,广东
300317.SZ,珈伟新能,广东
300381.SZ,溢多利,广东
002724.SZ,海洋王,广东
300403.SZ,汉宇集团,广东
002745.SZ,木林森,广东
002741.SZ,光华科技,广东
603288.SS,海天味业,广东
300389.SZ,艾比森,广东
603328.SS,依顿电子,广东
603118.SS,共进股份,广东
603309.SS,维力医疗,广东
603898.SS,好莱客,广东
603268.SS,*ST松发,广东
300400.SZ,劲拓股份,广东
002733.SZ,雄韬股份,广东
300408.SZ,三环集团,广东
300409.SZ,道氏技术,广东
002736.SZ,国信证券,广东
300410.SZ,正业科技,广东
300417.SZ,南华仪器,广东
300415.SZ,伊之密,广东
002728.SZ,特一药业,广东
300460.SZ,ST惠伦,广东
002786.SZ,银宝山新,广东
603936.SS,博敏电子,广东
002782.SZ,可立克,广东
300464.SZ,星徽股份,广东
002763.SZ,汇洁股份,广东
002762.SZ,*ST金比,广东
002766.SZ,索菱股份,广东
300476.SZ,胜宏科技,广东
300482.SZ,万孚生物,广东
603838.SS,*ST四通,广东
002775.SZ,文科股份,广东
300424.SZ,航新科技,广东
603808.SS,歌力思,广东
300404.SZ,博济医药,广东
300448.SZ,浩云科技,广东
300458.SZ,全志科技,广东
002769.SZ,普路通,广东
002759.SZ,天际股份,广东
300468.SZ,四方精创,广东
002757.SZ,南兴股份,广东
300503.SZ,昊志机电,广东
603193.SS,润本股份,广东
301516.SZ,中远通,广东
300499.SZ,高澜股份,广东
601900.SS,南方传媒,广东
603608.SS,天创时尚,广东
300498.SZ,温氏股份,广东
002792.SZ,通宇通讯,广东
300506.SZ,*ST名家,广东
603861.SS,白云电器,广东
300484.SZ,蓝海华腾,广东
002791.SZ,坚朗五金,广东
002797.SZ,第一创业,广东
001979.SZ,招商蛇口,广东
002789.SZ,*ST建艺,广东
300004.SZ,南风股份,广东
300438.SZ,鹏辉能源,广东
600892.SS,*ST大晟,广东
300531.SZ,优博讯,广东
300533.SZ,冰川网络,广东
300532.SZ,今天国际,广东
300546.SZ,雄帝科技,广东
002815.SZ,崇达技术,广东
002813.SZ,路畅科技,广东
300545.SZ,联得装备,广东
300565.SZ,科信技术,广东
603336.SS,宏辉果蔬,广东
300521.SZ,爱司凯,广东
002811.SZ,郑中设计,广东
300543.SZ,朗科智能,广东
300561.SZ,*ST汇科,广东
300562.SZ,乐心医疗,广东
002823.SZ,凯中精密,广东
002822.SZ,*ST中装,广东
300568.SZ,星源材质,广东
688312.SS,燕麦科技,广东
002806.SZ,华锋股份,广东
002809.SZ,红墙股份,广东
300538.SZ,同益股份,广东
603322.SS,超讯通信,广东
300529.SZ,健帆生物,广东
603160.SS,汇顶科技,广东
002831.SZ,裕同科技,广东
300572.SZ,安车检测,广东
920627.BJ,力王股份,广东
300556.SZ,丝路视觉,广东
300570.SZ,太辰光,广东
920469.BJ,富恒新材,广东
002833.SZ,弘亚数控,广东
300586.SZ,美联新材,广东
002837.SZ,英维克,广东
603228.SS,景旺电子,广东
002836.SZ,新宏泽,广东
300591.SZ,万里马,广东
002824.SZ,和胜股份,广东
300589.SZ,江龙船艇,广东
002830.SZ,名雕股份,广东
300576.SZ,容大感光,广东
002832.SZ,比音勒芬,广东
002835.SZ,同为股份,广东
002842.SZ,翔鹭钨业,广东
002841.SZ,视源股份,广东
603038.SS,华立股份,广东
300599.SZ,雄塑科技,广东
002845.SZ,同兴达,广东
300635.SZ,中达安,广东
300639.SZ,凯普生物,广东
603833.SS,欧派家居,广东
601228.SS,广州港,广东
603797.SS,联泰环保,广东
300607.SZ,拓斯达,广东
002862.SZ,实丰文化,广东
300638.SZ,广和通,广东
002856.SZ,美芝股份,广东
300625.SZ,三雄极光,广东
002855.SZ,捷荣技术,广东
300629.SZ,新劲刚,广东
002851.SZ,麦格米特,广东
300601.SZ,康泰生物,广东
300622.SZ,博士眼镜,广东
002853.SZ,皮阿诺,广东
003039.SZ,顺控发展,广东
300616.SZ,尚品宅配,广东
300619.SZ,金银河,广东
002774.SZ,快意电梯,广东
300621.SZ,维业股份,广东
300620.SZ,光库科技,广东
603630.SS,拉芳家化,广东
002846.SZ,英联股份,广东
300606.SZ,金太阳,广东
300615.SZ,欣天科技,广东
300633.SZ,开立医疗,广东
300868.SZ,杰美特,广东
300938.SZ,信测标准,广东
300939.SZ,秋田微,广东
688171.SS,纬德信息,广东
003028.SZ,振邦智能,广东
300921.SZ,南凌科技,广东
003021.SZ,兆威机电,广东
688518.SS,联赢激光,广东
300949.SZ,奥雅股份,广东
688686.SS,奥普特,广东
300514.SZ,友讯达,广东
603920.SS,世运电路,广东
300925.SZ,法本信息,广东
688788.SS,科思科技,广东
002867.SZ,周大生,广东
300647.SZ,超频三,广东
003013.SZ,地铁设计,广东
300951.SZ,博硕科技,广东
002922.SZ,伊戈尔,广东
603233.SS,大参林,广东
300681.SZ,英搏尔,广东
300671.SZ,富满微,广东
002875.SZ,安奈儿,广东
002918.SZ,蒙娜丽莎,广东
002889.SZ,东方嘉盛,广东
603535.SS,嘉诚国际,广东
300687.SZ,赛意信息,广东
603978.SS,深圳新星,广东
300675.SZ,建科院,广东
300676.SZ,华大基因,广东
002884.SZ,凌霄泵业,广东
002888.SZ,惠威科技,广东
300689.SZ,澄天伟业,广东
300824.SZ,北鼎股份,广东
002456.SZ,欧菲光,广东
002197.SZ,证通电子,广东
002654.SZ,万润科技,广东
300656.SZ,民德电子,广东
300457.SZ,赢合科技,广东
300602.SZ,飞荣达,广东
603043.SS,广州酒家,广东
603063.SS,禾望电气,广东
603725.SS,天安新材,广东
002876.SZ,三利谱,广东
002881.SZ,美格智能,广东
300679.SZ,电连技术,广东
300686.SZ,智动力,广东
002920.SZ,德赛西威,广东
603813.SS,*ST原尚,广东
300691.SZ,联合光电,广东
300739.SZ,明阳电路,广东
300693.SZ,盛弘股份,广东
002869.SZ,金溢科技,广东
002870.SZ,香山股份,广东
002880.SZ,卫光生物,广东
002898.SZ,*ST赛隆,广东
603335.SS,迪生力,广东
300668.SZ,杰恩设计,广东
002882.SZ,金龙羽,广东
603882.SS,金域医学,广东
603386.SS,骏亚科技,广东
002912.SZ,中新赛克,广东
603348.SS,文灿股份,广东
003003.SZ,天元股份,广东
002352.SZ,顺丰控股,广东
002930.SZ,宏川智慧,广东
300716.SZ,ST泉为,广东
002916.SZ,深南电路,广东
002917.SZ,金奥博,广东
002905.SZ,金逸影视,广东
002908.SZ,德生科技,广东
002923.SZ,润都股份,广东
002909.SZ,集泰股份,广东
300737.SZ,科顺股份,广东
300735.SZ,光弘科技,广东
300720.SZ,海川智能,广东
603848.SS,好太太,广东
300731.SZ,科创新源,广东
300634.SZ,彩讯股份,广东
300738.SZ,奥飞数据,广东
300745.SZ,欣锐科技,广东
002906.SZ,华阳集团,广东
002919.SZ,名臣健康,广东
002902.SZ,铭普光磁,广东
300713.SZ,英可瑞,广东
300711.SZ,广哈通信,广东
300723.SZ,一品红,广东
002911.SZ,佛燃能源,广东
601330.SS,绿色动力,广东
300454.SZ,深信服,广东
688268.SS,华特气体,广东
688499.SS,利元亨,广东
002938.SZ,鹏鼎控股,广东
300749.SZ,顶固集创,广东
300760.SZ,迈瑞医疗,广东
300724.SZ,捷佳伟创,广东
002939.SZ,长城证券,广东
001872.SZ,招商港口,广东
002949.SZ,华阳国际,广东
300756.SZ,金马游乐,广东
601615.SS,明阳智能,广东
002953.SZ,日丰股份,广东
300843.SZ,胜蓝股份,广东
300770.SZ,新媒股份,广东
300769.SZ,德方纳米,广东
300771.SZ,智莱科技,广东
300778.SZ,新城市,广东
002957.SZ,科瑞技术,广东
603863.SS,松炀资源,广东
688388.SS,嘉元科技,广东
300781.SZ,因赛集团,广东
688020.SS,方邦股份,广东
003816.SZ,中国广核,广东
300791.SZ,仙乐健康,广东
688036.SS,传音控股,广东
002959.SZ,小熊电器,广东
688007.SS,光峰科技,广东
688321.SS,微芯生物,广东
603983.SS,丸美生物,广东
002965.SZ,祥鑫科技,广东
002967.SZ,广电计量,广东
300793.SZ,佳禾智能,广东
688128.SS,中国电研,广东
300790.SZ,宇瞳光学,广东
001914.SZ,招商积余,广东
002972.SZ,科安达,广东
688026.SS,洁特生物,广东
603390.SS,通达电气,广东
002970.SZ,锐明技术,广东
688138.SS,清溢光电,广东
300805.SZ,电声股份,广东
300811.SZ,铂科新材,广东
002973.SZ,侨银股份,广东
300812.SZ,易天股份,广东
688090.SS,瑞松科技,广东
688177.SS,百奥泰,广东
002975.SZ,博杰股份,广东
688208.SS,道通科技,广东
688318.SS,财富趋势,广东
002979.SZ,雷赛智能,广东
300822.SZ,贝仕达克,广东
002980.SZ,华盛昌,广东
002981.SZ,朝阳科技,广东
688228.SS,开普云,广东
002990.SZ,盛视科技,广东
300832.SZ,新产业,广东
002988.SZ,豪美新材,广东
688589.SS,力合微,广东
002989.SZ,中天精装,广东
300833.SZ,浩洋股份,广东
000050.SZ,深天马Ａ,广东
000999.SZ,华润三九,广东
002735.SZ,王子新材,广东
002816.SZ,*ST和科,广东
002850.SZ,科达利,广东
002885.SZ,京泉华,广东
300124.SZ,汇川技术,广东
300752.SZ,隆利科技,广东
600548.SS,深高速,广东
601138.SS,工业富联,广东
688025.SS,杰普特,广东
688159.SS,有方科技,广东
688389.SS,普门科技,广东
688418.SS,震有科技,广东
002992.SZ,宝明科技,广东
002993.SZ,奥海科技,广东
000676.SZ,智度股份,广东
300857.SZ,协创数据,广东
300870.SZ,欧陆通,广东
002625.SZ,光启技术,广东
688393.SS,安必平,广东
688559.SS,海目星,广东
002999.SZ,天禾股份,广东
300876.SZ,蒙泰高新,广东
300888.SZ,稳健医疗,广东
300889.SZ,爱克股份,广东
003010.SZ,若羽臣,广东
688595.SS,芯海科技,广东
300246.SZ,宝莱特,广东
300891.SZ,惠云钛业,广东
300115.SZ,长盈精密,广东
002732.SZ,燕塘乳业,广东
003012.SZ,东鹏控股,广东
300903.SZ,科翔股份,广东
688135.SS,利扬芯片,广东
003018.SZ,金富科技,广东
300909.SZ,汇创达,广东
300916.SZ,朗特智能,广东
688618.SS,三旺通信,广东
300917.SZ,特发服务,广东
688668.SS,鼎通科技,广东
688699.SS,明微电子,广东
003035.SZ,南网能源,广东
300932.SZ,三友联众,广东
688617.SS,惠泰医疗,广东
688669.SS,聚石化学,广东
688628.SS,优利德,广东
300961.SZ,深水海纳,广东
300940.SZ,南极光,广东
003037.SZ,三和管桩,广东
300942.SZ,易瑞生物,广东
688328.SS,深科达,广东
688183.SS,生益电子,广东
688662.SS,富信科技,广东
003040.SZ,楚天龙,广东
688609.SS,九联科技,广东
688083.SS,中望软件,广东
300962.SZ,中金辐照,广东
300973.SZ,立高食品,广东
300960.SZ,通业科技,广东
300968.SZ,格林精密,广东
688683.SS,莱尔科技,广东
300976.SZ,达瑞电子,广东
001201.SZ,东瑞股份,广东
300977.SZ,深圳瑞捷,广东
300978.SZ,东箭科技,广东
300979.SZ,华利集团,广东
001202.SZ,炬申股份,广东
688323.SS,瑞华泰,广东
688383.SS,新益昌,广东
688395.SS,正弦电气,广东
688655.SS,迅捷兴,广东
300989.SZ,蕾奥规划,广东
688359.SS,三孚新科,广东
688575.SS,亚辉龙,广东
300991.SZ,创益通,广东
300995.SZ,奇德新材,广东
301011.SZ,华立科技,广东
605499.SS,东鹏饮料,广东
300997.SZ,欢乐家,广东
301002.SZ,崧盛股份,广东
688625.SS,呈和科技,广东
688345.SS,博力威,广东
603991.SS,至正股份,广东
001209.SZ,洪兴股份,广东
301013.SZ,利和兴,广东
688216.SS,气派科技,广东
688793.SS,倍轻松,广东
301018.SZ,申菱环境,广东
301039.SZ,中集车辆,广东
301021.SZ,英诺激光,广东
301033.SZ,迈普医学,广东
301029.SZ,怡合达,广东
301038.SZ,深水规院,广东
688148.SS,芳源股份,广东
301041.SZ,金百泽,广东
001212.SZ,中旗新材,广东
301043.SZ,绿岛风,广东
300814.SZ,中富电路,广东
301042.SZ,安联锐视,广东
300844.SZ,山水比德,广东
301051.SZ,信濠光电,广东
301059.SZ,金三江,广东
688622.SS,禾信仪器,广东
300854.SZ,中兰环保,广东
688772.SS,珠海冠宇,广东
301067.SZ,显盈科技,广东
301086.SZ,鸿富瀚,广东
301091.SZ,深城交,广东
301133.SZ,金钟股份,广东
301178.SZ,天亿马,广东
301128.SZ,强瑞技术,广东
688049.SS,炬芯科技,广东
688112.SS,鼎阳科技,广东
301177.SZ,迪阿股份,广东
301111.SZ,粤万年青,广东
301189.SZ,奥尼电子,广东
301138.SZ,华研精机,广东
688210.SS,统联精密,广东
688227.SS,品高股份,广东
688248.SS,南网科技,广东
300834.SZ,星辉环材,广东
301123.SZ,奕东电子,广东
688173.SS,希荻微,广东
001313.SZ,粤海饲料,广东
301200.SZ,大族数控,广东
301110.SZ,青木科技,广东
688115.SS,思林杰,广东
001308.SZ,康冠科技,广东
301131.SZ,聚赛龙,广东
688175.SS,高凌信息,广东
301268.SZ,铭利达,广东
603051.SS,鹿山新材,广东
301263.SZ,泰恩康,广东
688209.SS,英集芯,广东
301135.SZ,瑞德智能,广东
688125.SS,安达智能,广东
301248.SZ,杰创智能,广东
688279.SS,峰岹科技,广东
301288.SZ,*ST清研,广东
688325.SS,赛微微电,广东
001319.SZ,铭科精技,广东
688327.SS,云从科技-UW,广东
688045.SS,必易微,广东
301191.SZ,菲菱科思,广东
001316.SZ,润贝航科,广东
001268.SZ,联合精密,广东
001323.SZ,慕思股份,广东
301112.SZ,信邦智能,广东
001309.SZ,德明利,广东
688322.SS,奥比中光-UW,广东
688332.SS,中科蓝讯,广东
301312.SZ,智立方,广东
301308.SZ,江波龙,广东
001229.SZ,魅视科技,广东
301318.SZ,维海德,广东
688380.SS,中微半导,广东
688401.SS,路维光电,广东
001339.SZ,智微智能,广东
301338.SZ,凯格精机,广东
301330.SZ,熵基科技,广东
301282.SZ,金禄电子,广东
301283.SZ,聚胶股份,广东
301327.SZ,华宝新能,广东
301328.SZ,维峰电子,广东
920039.BJ,国义招标,广东
920267.BJ,鑫汇科,广东
920768.BJ,拾比佰,广东
920491.BJ,奥迪威,广东
920523.BJ,德瑞锂电,广东
920765.BJ,美之高,广东
920185.BJ,贝特瑞,广东
920871.BJ,派特尔,广东
920892.BJ,广咨国际,广东
920821.BJ,则成电子,广东
920275.BJ,驱动力,广东
920729.BJ,永顺生物,广东
920925.BJ,锦好医疗,广东
688114.SS,华大智造,广东
301326.SZ,捷邦科技,广东
001283.SZ,豪鹏科技,广东
301313.SZ,凡拓数创,广东
301366.SZ,一博科技,广东
001322.SZ,箭牌家居,广东
001298.SZ,好上好,广东
688132.SS,邦彦技术,广东
301319.SZ,唯特偶,广东
301369.SZ,联动科技,广东
688252.SS,天德钰,广东
301363.SZ,美好医疗,广东
301223.SZ,中荣股份,广东
001338.SZ,永顺泰,广东
301396.SZ,宏景科技,广东
920876.BJ,慧为智能,广东
301365.SZ,矩阵股份,广东
301377.SZ,鼎泰高科,广东
920866.BJ,绿亨科技,广东
920374.BJ,云里物里,广东
920110.BJ,雷特科技,广东
920957.BJ,汉维科技,广东
920807.BJ,奔朗新材,广东
301105.SZ,鸿铭股份,广东
688525.SS,佰维存储,广东
920001.BJ,纬达光电,广东
001314.SZ,亿道信息,广东
301373.SZ,凌玮科技,广东
002647.SZ,*ST仁东,广东
688522.SS,纳睿雷达,广东
301322.SZ,绿通科技,广东
920556.BJ,雅达股份,广东
301314.SZ,科瑞思,广东
001287.SZ,中电港,广东
688343.SS,云天励飞-U,广东
301387.SZ,光大同创,广东
301382.SZ,蜂助手,广东
688512.SS,慧智微-U,广东
301332.SZ,德尔玛,广东
301325.SZ,曼恩斯特,广东
688361.SS,中科飞测,广东
301305.SZ,朗坤科技,广东
301323.SZ,新莱福,广东
688627.SS,精智达,广东
002955.SZ,鸿合科技,广东
301291.SZ,明阳电气,广东
301395.SZ,仁信新材,广东
300804.SZ,广康生化,广东
688620.SS,安凯微,广东
301486.SZ,致尚科技,广东
688638.SS,誉辰智能,广东
301488.SZ,豪恩汽电,广东
301512.SZ,智信精密,广东
301381.SZ,赛维时代,广东
301503.SZ,智迪科技,广东
301468.SZ,博盈特焊,广东
688612.SS,威迈斯,广东
301362.SZ,民爆光电,广东
301348.SZ,蓝箭电子,广东
920926.BJ,鸿智科技,广东
688671.SS,碧兴物联,广东
688548.SS,广钢气体,广东
301510.SZ,固高科技,广东
688573.SS,信宇人,广东
301528.SZ,多浦乐,广东
920976.BJ,视声智能,广东
301500.SZ,飞南资源,广东
301558.SZ,三态股份,广东
301489.SZ,思泉新材,广东
001378.SZ,德冠新材,广东
001326.SZ,联域股份,广东
920375.BJ,派诺科技,广东
301413.SZ,安培龙,广东
301578.SZ,辰奕智能,广东
601033.SS,永兴股份,广东
301577.SZ,美信科技,广东
002986.SZ,宇新股份,广东
301588.SZ,美新科技,广东
301538.SZ,骏鼎达,广东
001389.SZ,广合科技,广东
920123.BJ,芭薇股份,广东
688530.SS,欧莱新材,广东
301392.SZ,汇成真空,广东
301603.SZ,乔锋智能,广东
301606.SZ,绿联科技,广东
301608.SZ,博实结,广东
688721.SS,龙图光罩,广东
301618.SZ,长联科技,广东
301628.SZ,强达电路,广东
688726.SS,拉普拉斯,广东
301631.SZ,壹连科技,广东
920128.BJ,胜业电气,广东
301458.SZ,钧崴电子,广东
301602.SZ,超研股份,广东
301479.SZ,弘景光电,广东
001382.SZ,新亚电缆,广东
301629.SZ,矽电股份,广东
301662.SZ,宏工科技,广东
301658.SZ,首航新能,广东
301595.SZ,太力科技,广东
688775.SS,影石创新,广东
301590.SZ,优优绿能,广东
301630.SZ,同宇新材,广东
001221.SZ,悍高集团,广东
301632.SZ,广东建科,广东
001285.SZ,瑞立科密,广东
301638.SZ,南网数字,广东
920080.BJ,奥美森,广东
001386.SZ,马可波罗,广东
688759.SS,必贝特-U,广东
920124.BJ,南特科技,广东
301449.SZ,天溯计量,广东
920045.BJ,蘅东光,广东
688785.SS,恒运昌,广东
600301.SS,华锡有色,广西
600310.SS,广西能源,广西
600368.SS,五洲交通,广西
600423.SS,柳化股份,广西
600538.SS,国发股份,广西
600712.SS,南宁百货,广西
601003.SS,柳钢股份,广西
000528.SZ,柳    工,广西
000582.SZ,北部湾港,广西
000608.SZ,*ST阳光,广西
000703.SZ,恒逸石化,广西
000716.SZ,黑芝麻,广西
000750.SZ,国海证券,广西
000833.SZ,粤桂股份,广西
000911.SZ,广农糖业,广西
000953.SZ,河化股份,广西
002166.SZ,莱茵生物,广西
002175.SZ,东方智造,广西
002275.SZ,桂林三金,广西
002329.SZ,皇氏集团,广西
600236.SS,桂冠电力,广西
600249.SS,两面针,广西
600252.SS,中恒集团,广西
002592.SZ,ST八菱,广西
002696.SZ,百洋股份,广西
601996.SS,丰林集团,广西
603368.SS,柳药集团,广西
603166.SS,福达股份,广西
603869.SS,ST智知,广西
601368.SS,绿城水务,广西
600556.SS,天下秀,广西
600936.SS,北投科技,广西
002929.SZ,润建股份,广西
002956.SZ,西麦食品,广西
000978.SZ,桂林旅游,广西
301027.SZ,华蓝集团,广西
920885.BJ,星辰科技,广西
301379.SZ,天山电子,广西
920023.BJ,田野股份,广西
920837.BJ,华原股份,广西
300518.SZ,新迅达,广西
300422.SZ,博世科,广西
600135.SS,乐凯胶片,河北
600230.SS,沧州大化,河北
600409.SS,三友化工,河北
600480.SS,凌云股份,河北
600482.SS,中国动力,河北
600550.SS,保变电气,河北
600559.SS,老白干酒,河北
600722.SS,金牛化工,河北
600803.SS,新奥股份,河北
600812.SS,华北制药,河北
600965.SS,福成股份,河北
600997.SS,开滦股份,河北
000158.SZ,常山北明,河北
000401.SZ,金隅冀东,河北
000600.SZ,建投能源,河北
000709.SZ,河钢股份,河北
000778.SZ,新兴铸管,河北
000848.SZ,承德露露,河北
000856.SZ,冀东装备,河北
000889.SZ,中嘉博创,河北
000923.SZ,河钢资源,河北
000937.SZ,冀中能源,河北
000958.SZ,电投产融,河北
002049.SZ,紫光国微,河北
002108.SZ,沧州明珠,河北
002146.SZ,荣盛发展,河北
002282.SZ,博深股份,河北
002342.SZ,巨力索具,河北
002442.SZ,龙星科技,河北
600149.SS,廊坊发展,河北
300138.SZ,晨光生物,河北
601000.SS,唐山港,河北
002494.SZ,华斯股份,河北
300368.SZ,汇金股份,河北
300371.SZ,汇中股份,河北
002691.SZ,冀凯股份,河北
002603.SZ,以岭药业,河北
600340.SS,华夏幸福,河北
601633.SS,长城汽车,河北
002459.SZ,晶澳科技,河北
300107.SZ,建新股份,河北
300137.SZ,先河环保,河北
300255.SZ,常山药业,河北
300428.SZ,立中集团,河北
300491.SZ,通合科技,河北
300446.SZ,航天智造,河北
300922.SZ,天秦装备,河北
603050.SS,科林电气,河北
603385.SS,惠达卫浴,河北
300869.SZ,康泰医学,河北
600956.SS,新天绿能,河北
601326.SS,秦港股份,河北
603938.SS,三孚股份,河北
603156.SS,养元饮品,河北
300765.SZ,新诺威,河北
300847.SZ,中船汉光,河北
300152.SZ,ST新动力,河北
002960.SZ,青鸟消防,河北
003031.SZ,中瓷电子,河北
300981.SZ,中红医疗,河北
600906.SS,财达证券,河北
605196.SS,华通线缆,河北
300990.SZ,同飞股份,河北
603176.SS,汇通集团,河北
301298.SZ,东利机械,河北
301197.SZ,工大科雅,河北
920964.BJ,润农节水,河北
920171.BJ,志晟信息,河北
920985.BJ,海泰新能,河北
920163.BJ,方大新材,河北
001301.SZ,尚太科技,河北
920247.BJ,华密新材,河北
688146.SS,中船特气,河北
920471.BJ,美邦科技,河北
301261.SZ,恒工精密,河北
920717.BJ,瑞星股份,河北
920522.BJ,纳科诺尔,河北
301580.SZ,爱迪特,河北
301552.SZ,科力装备,河北
301551.SZ,无线传媒,河北
301522.SZ,上大股份,河北
300442.SZ,润泽科技,河北
600011.SS,华能国际,河北
920022.BJ,世昌股份,河北
920076.BJ,国亮新材,河北
600403.SS,大有能源,河南
002535.SZ,林州重机,河南
002536.SZ,飞龙股份,河南
002448.SZ,中原内配,河南
601608.SS,中信重工,河南
002560.SZ,通达股份,河南
603993.SS,洛阳钼业,河南
600020.SS,中原高速,河南
600066.SS,宇通客车,河南
600121.SS,郑州煤电,河南
600172.SS,黄河旋风,河南
600186.SS,莲花控股,河南
600207.SS,安彩高科,河南
600222.SS,太龙药业,河南
600285.SS,羚锐制药,河南
600312.SS,平高电气,河南
600469.SS,风神股份,河南
600531.SS,豫光金铅,河南
600569.SS,安阳钢铁,河南
600595.SS,中孚实业,河南
600810.SS,神马股份,河南
600876.SS,凯盛新能,河南
601666.SS,平煤股份,河南
000400.SZ,许继电气,河南
000544.SZ,中原环保,河南
000612.SZ,焦作万方,河南
000885.SZ,城发环境,河南
000895.SZ,双汇发展,河南
000933.SZ,神火股份,河南
000949.SZ,新乡化纤,河南
001896.SZ,豫能控股,河南
002007.SZ,华兰生物,河南
002046.SZ,国机精工,河南
002132.SZ,恒星科技,河南
002179.SZ,中航光电,河南
002189.SZ,中光学,河南
002216.SZ,三全食品,河南
002225.SZ,濮耐股份,河南
002296.SZ,辉煌科技,河南
002321.SZ,华英农业,河南
002358.SZ,森源电气,河南
002407.SZ,多氟多,河南
002423.SZ,中粮资本,河南
300007.SZ,汉威科技,河南
300080.SZ,易成新能,河南
300850.SZ,新强联,河南
002714.SZ,牧原股份,河南
601717.SS,中创智领,河南
300179.SZ,四方达,河南
002582.SZ,好想你,河南
002601.SZ,龙佰集团,河南
300248.SZ,新开普,河南
601038.SS,一拖股份,河南
002613.SZ,北玻股份,河南
300259.SZ,新天科技,河南
300263.SZ,隆华科技,河南
601677.SS,明泰铝业,河南
603508.SS,思维列控,河南
300437.SZ,清水源,河南
603566.SS,普莱柯,河南
300480.SZ,光力科技,河南
300481.SZ,濮阳惠成,河南
603658.SS,安图生物,河南
601375.SS,中原证券,河南
002857.SZ,三晖电气,河南
300732.SZ,设研院,河南
300701.SZ,森霸传感,河南
002936.SZ,郑州银行,河南
300845.SZ,捷安高科,河南
600817.SS,宇通重工,河南
002431.SZ,棕榈股份,河南
300807.SZ,天迈科技,河南
688357.SS,建龙微纳,河南
300829.SZ,金丹科技,河南
002406.SZ,远东传动,河南
600439.SS,瑞贝卡,河南
688313.SS,仕佳光子,河南
003008.SZ,开普检测,河南
300109.SZ,新开源,河南
000719.SZ,中原传媒,河南
300908.SZ,仲景食品,河南
300910.SZ,瑞丰新材,河南
605368.SS,蓝天燃气,河南
688626.SS,翔宇医疗,河南
300614.SZ,百川畅银,河南
688517.SS,金冠电气,河南
001215.SZ,千味央厨,河南
301071.SZ,力量钻石,河南
301089.SZ,拓新药业,河南
301182.SZ,凯旺科技,河南
301207.SZ,华兰疫苗,河南
688119.SS,中钢洛耐,河南
300013.SZ,新宁物流,河南
301152.SZ,天力锂能,河南
920225.BJ,利通科技,河南
920454.BJ,同心传动,河南
920580.BJ,科创新材,河南
920415.BJ,恒拓开源,河南
920725.BJ,惠丰钻石,河南
920207.BJ,众诚科技,河南
920402.BJ,硅烷科技,河南
920971.BJ,天马新材,河南
301361.SZ,众智科技,河南
301277.SZ,新天地,河南
920087.BJ,秋乐种业,河南
920407.BJ,驰诚股份,河南
920895.BJ,花溪科技,河南
301376.SZ,致欧科技,河南
920175.BJ,东方碳素,河南
920496.BJ,许昌智能,河南
001277.SZ,速达股份,河南
688066.SS,航天宏图,河南
600006.SS,东风股份,湖北
600035.SS,楚天高速,湖北
600079.SS,ST人福,湖北
600107.SS,ST尔雅,湖北
600133.SS,东湖高新,湖北
600136.SS,ST明诚,湖北
600141.SS,兴发集团,湖北
600168.SS,武汉控股,湖北
600184.SS,光电股份,湖北
600293.SS,三峡新材,湖北
600298.SS,安琪酵母,湖北
600345.SS,长江通信,湖北
600355.SS,*ST精伦,湖北
600421.SS,*ST华嵘,湖北
600498.SS,烽火通信,湖北
600566.SS,济川药业,湖北
600568.SS,ST中珠,湖北
600745.SS,闻泰科技,湖北
600769.SS,祥龙电业,湖北
600774.SS,汉商集团,湖北
600801.SS,华新建材,湖北
600879.SS,航天电子,湖北
600885.SS,宏发股份,湖北
600976.SS,健民集团,湖北
600993.SS,马应龙,湖北
000422.SZ,湖北宜化,湖北
000501.SZ,武商集团,湖北
000520.SZ,凤凰航运,湖北
000553.SZ,安道麦A,湖北
000615.SZ,*ST美谷,湖北
000665.SZ,湖北广电,湖北
000678.SZ,襄阳轴承,湖北
000707.SZ,双环科技,湖北
000708.SZ,中信特钢,湖北
000759.SZ,中百集团,湖北
000783.SZ,长江证券,湖北
000785.SZ,居然智家,湖北
000826.SZ,启迪环境,湖北
000852.SZ,石化机械,湖北
000883.SZ,湖北能源,湖北
000926.SZ,福星股份,湖北
000952.SZ,广济药业,湖北
000966.SZ,长源电力,湖北
000988.SZ,华工科技,湖北
002159.SZ,三特索道,湖北
002194.SZ,武汉凡谷,湖北
002281.SZ,光迅科技,湖北
002305.SZ,*ST南置,湖北
002365.SZ,永安药业,湖北
002377.SZ,国创高新,湖北
002414.SZ,高德红外,湖北
300041.SZ,回天新材,湖北
300046.SZ,台基股份,湖北
300054.SZ,鼎龙股份,湖北
600703.SS,三安光电,湖北
600757.SS,长江传媒,湖北
002627.SZ,三峡旅游,湖北
300184.SZ,力源信息,湖北
300323.SZ,华灿光电,湖北
002694.SZ,顾地科技,湖北
600681.SS,百川能源,湖北
300276.SZ,三丰智能,湖北
600998.SS,九州通,湖北
300161.SZ,华中数控,湖北
300220.SZ,金运激光,湖北
601311.SS,骆驼股份,湖北
000670.SZ,盈方微,湖北
300205.SZ,*ST天喻,湖北
300278.SZ,华昌达,湖北
300387.SZ,富邦科技,湖北
300494.SZ,盛天网络,湖北
002783.SZ,凯龙股份,湖北
920978.BJ,开特股份,湖北
000902.SZ,新洋丰,湖北
300516.SZ,久之洋,湖北
300557.SZ,理工光科,湖北
603738.SS,泰晶科技,湖北
300517.SZ,海波重科,湖北
603067.SS,振华股份,湖北
300567.SZ,精测电子,湖北
300527.SZ,ST应急,湖北
300536.SZ,农尚环境,湖北
603716.SS,塞力医疗,湖北
002861.SZ,瀛通通讯,湖北
688156.SS,路德科技,湖北
688038.SS,中科通达,湖北
300683.SZ,海特生物,湖北
601869.SS,长飞光纤,湖北
300747.SZ,锐科激光,湖北
002932.SZ,明德生物,湖北
601162.SS,天风证券,湖北
603220.SS,中贝通信,湖北
002950.SZ,奥美医疗,湖北
300776.SZ,帝尔激光,湖北
002962.SZ,五方光电,湖北
688089.SS,嘉必优,湖北
002971.SZ,和远气体,湖北
688081.SS,兴图新科,湖北
603719.SS,良品铺子,湖北
603950.SS,长源东谷,湖北
300018.SZ,中元股份,湖北
000821.SZ,京山轻机,湖北
605388.SS,均瑶健康,湖北
300871.SZ,回盛生物,湖北
002072.SZ,凯瑞德,湖北
688526.SS,科前生物,湖北
300395.SZ,菲利华,湖北
601956.SS,东贝集团,湖北
688665.SS,四方光电,湖北
688667.SS,菱电电控,湖北
300971.SZ,博亚精工,湖北
300966.SZ,共同药业,湖北
300980.SZ,祥源新材,湖北
301048.SZ,金鹰重工,湖北
001267.SZ,汇绿生态,湖北
688151.SS,华强科技,湖北
301127.SZ,武汉天源,湖北
600654.SS,中安科,湖北
301221.SZ,光庭信息,湖北
301235.SZ,华康洁净,湖北
301211.SZ,亨迪药业,湖北
301150.SZ,中一科技,湖北
301183.SZ,东田微,湖北
688237.SS,超卓航科,湖北
301192.SZ,泰祥股份,湖北
301205.SZ,联特科技,湖北
920198.BJ,微创光电,湖北
920870.BJ,恒进感应,湖北
920146.BJ,华阳变速,湖北
688275.SS,万润新能,湖北
688387.SS,信科移动-U,湖北
688143.SS,长盈通,湖北
920942.BJ,恒立钻具,湖北
920505.BJ,九菱科技,湖北
603281.SS,江瀚新材,湖北
920273.BJ,一致魔芋,湖北
301246.SZ,宏源药业,湖北
688552.SS,航天南湖,湖北
920779.BJ,武汉蓝电,湖北
688646.SS,ST逸飞,湖北
920274.BJ,宏裕包材,湖北
002102.SZ,能特科技,湖北
300391.SZ,*ST长药,湖北
920403.BJ,康农种业,湖北
920438.BJ,戈碧迦,湖北
001359.SZ,平安电工,湖北
920237.BJ,力佳科技,湖北
688692.SS,达梦数据,湖北
301633.SZ,港迪技术,湖北
688545.SS,兴福电子,湖北
920108.BJ,宏海科技,湖北
300808.SZ,久量股份,湖北
688765.SS,禾元生物-U,湖北
603175.SS,超颖电子,湖北
600127.SS,金健米业,湖南
600156.SS,华升股份,湖南
600257.SS,大湖股份,湖南
600390.SS,五矿资本,湖南
600416.SS,湘电股份,湖南
600478.SS,科力远,湖南
600479.SS,千金药业,湖南
600599.SS,*ST熊猫,湖南
600731.SS,湖南海利,湖南
600744.SS,华银电力,湖南
600961.SS,株冶集团,湖南
600963.SS,岳阳林纸,湖南
600975.SS,新五丰,湖南
000157.SZ,中联重科,湖南
000419.SZ,通程控股,湖南
000428.SZ,华天酒店,湖南
000430.SZ,*ST张股,湖南
000548.SZ,湖南投资,湖南
000590.SZ,古汉医药,湖南
000702.SZ,正虹科技,湖南
000799.SZ,酒鬼酒,湖南
000819.SZ,岳阳兴长,湖南
000900.SZ,现代投资,湖南
000908.SZ,*ST景峰,湖南
000917.SZ,电广传媒,湖南
000989.SZ,九芝堂,湖南
000998.SZ,隆平高科,湖南
002096.SZ,易普力,湖南
002097.SZ,山河智能,湖南
002125.SZ,湘潭电化,湖南
002155.SZ,湖南黄金,湖南
002251.SZ,步步高,湖南
002261.SZ,拓维信息,湖南
002297.SZ,博云新材,湖南
002397.SZ,梦洁股份,湖南
002412.SZ,汉森制药,湖南
300015.SZ,爱尔眼科,湖南
300035.SZ,中科电气,湖南
600458.SS,时代新材,湖南
600969.SS,郴电国际,湖南
000722.SZ,湖南发展,湖南
000932.SZ,华菱钢铁,湖南
002277.SZ,友阿股份,湖南
300187.SZ,永清环保,湖南
000519.SZ,中兵红箭,湖南
600476.SS,湘邮科技,湖南
300267.SZ,尔康制药,湖南
300268.SZ,*ST佳沃,湖南
300148.SZ,天舟文化,湖南
002567.SZ,唐人神,湖南
002523.SZ,天桥起重,湖南
300123.SZ,亚光科技,湖南
002533.SZ,金杯电工,湖南
002452.SZ,长高电新,湖南
002716.SZ,湖南白银,湖南
601636.SS,旗滨集团,湖南
601901.SS,方正证券,湖南
300338.SZ,ST开元,湖南
601098.SS,中南传媒,湖南
002661.SZ,克明食品,湖南
300298.SZ,三诺生物,湖南
002549.SZ,凯美特气,湖南
603998.SS,方盛制药,湖南
603939.SS,益丰药房,湖南
000504.SZ,*ST生物,湖南
300413.SZ,芒果超媒,湖南
603883.SS,老百姓,湖南
300490.SZ,华自科技,湖南
603989.SS,艾华集团,湖南
300474.SZ,景嘉微,湖南
603959.SS,百利科技,湖南
300433.SZ,蓝思科技,湖南
600698.SS,湖南天雁,湖南
300515.SZ,三德科技,湖南
603319.SS,美湖股份,湖南
688480.SS,赛恩斯,湖南
920634.BJ,新威凌,湖南
301548.SZ,崇德科技,湖南
300592.SZ,华凯易佰,湖南
002843.SZ,泰嘉股份,湖南
603517.SS,ST绝味,湖南
002848.SZ,*ST高斯,湖南
002852.SZ,道道全,湖南
002847.SZ,盐津铺子,湖南
688799.SS,华纳药厂,湖南
300672.SZ,国科微,湖南
603721.SS,*ST天择,湖南
002892.SZ,科力尔,湖南
002879.SZ,长缆科技,湖南
300665.SZ,飞鹿股份,湖南
300700.SZ,岱勒新材,湖南
600929.SS,雪天盐业,湖南
300740.SZ,水羊股份,湖南
300730.SZ,科创信息,湖南
002913.SZ,奥士康,湖南
002903.SZ,宇环数控,湖南
300705.SZ,九典制药,湖南
300209.SZ,有棵树,湖南
300726.SZ,宏达电子,湖南
601577.SS,长沙银行,湖南
002943.SZ,宇晶股份,湖南
300800.SZ,力合科技,湖南
688100.SS,威胜信息,湖南
603353.SS,和顺石油,湖南
688189.SS,南新制药,湖南
002982.SZ,湘佳股份,湖南
688598.SS,金博股份,湖南
002650.SZ,ST加加,湖南
300345.SZ,华民股份,湖南
300358.SZ,楚天科技,湖南
688157.SS,松井股份,湖南
002554.SZ,惠博普,湖南
300866.SZ,安克创新,湖南
688289.SS,圣湘生物,湖南
003000.SZ,劲仔食品,湖南
688308.SS,欧科亿,湖南
688059.SS,华锐精密,湖南
688067.SS,爱威科技,湖南
688425.SS,铁建重工,湖南
001208.SZ,华菱线缆,湖南
688779.SS,五矿新能,湖南
688187.SS,时代电气,湖南
001216.SZ,华瓷股份,湖南
001218.SZ,丽臣实业,湖南
301087.SZ,可孚医疗,湖南
301079.SZ,邵阳液压,湖南
301118.SZ,恒光股份,湖南
301126.SZ,达嘉维康,湖南
300530.SZ,领湃科技,湖南
301109.SZ,军信股份,湖南
301259.SZ,艾布鲁,湖南
920174.BJ,五新隧装,湖南
920030.BJ,德众汽车,湖南
688152.SS,麒麟信安,湖南
920351.BJ,华光源海,湖南
301358.SZ,湖南裕能,湖南
688433.SS,华曙高科,湖南
688523.SS,航天环宇,湖南
301232.SZ,飞沃科技,湖南
920751.BJ,惠同新材,湖南
002667.SZ,威领股份,湖南
603825.SS,ST华扬,湖南
001239.SZ,永达股份,湖南
688750.SS,金天钛业,湖南
920037.BJ,广信科技,湖南
000669.SZ,ST金鸿,湖南
600305.SS,恒顺醋业,江苏
600327.SS,大东方,江苏
600377.SS,宁沪高速,江苏
600389.SS,江山股份,江苏
600398.SS,海澜之家,江苏
600400.SS,红豆股份,江苏
600406.SS,国电南瑞,江苏
600475.SS,华光环能,江苏
600481.SS,双良节能,江苏
600486.SS,扬农化工,江苏
600487.SS,亨通光电,江苏
600501.SS,航天晨光,江苏
600510.SS,黑牡丹,江苏
600513.SS,联环药业,江苏
600522.SS,中天科技,江苏
600533.SS,栖霞建设,江苏
600557.SS,康缘药业,江苏
600562.SS,国睿科技,江苏
600584.SS,长电科技,江苏
600667.SS,太极实业,江苏
600682.SS,南京新百,江苏
600710.SS,苏美达,江苏
600713.SS,南京医药,江苏
600736.SS,苏州高新,江苏
600746.SS,江苏索普,江苏
600770.SS,综艺股份,江苏
600775.SS,南京熊猫,江苏
600794.SS,保税科技,江苏
600805.SS,悦达投资,江苏
600862.SS,中航高科,江苏
600889.SS,南京化纤,江苏
600970.SS,中材国际,江苏
600973.SS,宝胜股份,江苏
600981.SS,苏豪汇鸿,江苏
601007.SS,金陵饭店,江苏
601008.SS,连云港,江苏
601009.SS,南京银行,江苏
601688.SS,华泰证券,江苏
000301.SZ,东方盛虹,江苏
000421.SZ,南京公用,江苏
000425.SZ,徐工机械,江苏
000518.SZ,*ST四环,江苏
000525.SZ,红太阳,江苏
000551.SZ,创元科技,江苏
000570.SZ,苏常柴Ａ,江苏
000581.SZ,威孚高科,江苏
000626.SZ,远大控股,江苏
000700.SZ,模塑科技,江苏
000727.SZ,冠捷科技,江苏
000777.SZ,中核科技,江苏
000816.SZ,智慧农业,江苏
000890.SZ,法尔胜,江苏
000910.SZ,大亚圣象,江苏
000919.SZ,金陵药业,江苏
000936.SZ,华西股份,江苏
002009.SZ,天奇股份,江苏
002015.SZ,协鑫能科,江苏
002024.SZ,ST易购,江苏
002040.SZ,南 京 港,江苏
002075.SZ,沙钢股份,江苏
002077.SZ,大港股份,江苏
002079.SZ,苏州固锝,江苏
002080.SZ,中材科技,江苏
002081.SZ,金 螳 螂,江苏
002090.SZ,金智科技,江苏
002091.SZ,江苏国泰,江苏
002104.SZ,恒宝股份,江苏
002127.SZ,南极电商,江苏
002150.SZ,通润装备,江苏
002156.SZ,通富微电,江苏
002160.SZ,常铝股份,江苏
002165.SZ,红 宝 丽,江苏
002172.SZ,澳洋健康,江苏
002182.SZ,宝武镁业,江苏
002201.SZ,九鼎新材,江苏
002221.SZ,东华能源,江苏
002223.SZ,鱼跃医疗,江苏
002239.SZ,奥特佳,江苏
002245.SZ,蔚蓝锂芯,江苏
002255.SZ,海陆重工,江苏
002262.SZ,恩华药业,江苏
002274.SZ,华昌化工,江苏
002290.SZ,禾盛新材,江苏
002293.SZ,罗莱生活,江苏
002304.SZ,洋河股份,江苏
002309.SZ,中利集团,江苏
002315.SZ,焦点科技,江苏
002333.SZ,罗普斯金,江苏
002349.SZ,精华制药,江苏
002367.SZ,康力电梯,江苏
002380.SZ,科远智慧,江苏
002384.SZ,东山精密,江苏
002391.SZ,长青股份,江苏
002395.SZ,双象股份,江苏
002426.SZ,胜利精密,江苏
300029.SZ,*ST天龙,江苏
300031.SZ,宝通科技,江苏
002438.SZ,江苏神通,江苏
002409.SZ,雅克科技,江苏
002471.SZ,中超控股,江苏
002483.SZ,润邦股份,江苏
002484.SZ,江海股份,江苏
300128.SZ,锦富技术,江苏
601388.SS,怡球资源,江苏
002491.SZ,通鼎互联,江苏
300135.SZ,宝利国际,江苏
002496.SZ,*ST辉丰,江苏
601890.SS,亚星锚链,江苏
002546.SZ,新联电子,江苏
300215.SZ,电科院,江苏
601100.SS,恒立液压,江苏
601222.SS,林洋能源,江苏
300165.SZ,ST天瑞,江苏
300169.SZ,天晟新材,江苏
000681.SZ,视觉中国,江苏
600064.SS,南京高科,江苏
600078.SS,澄星股份,江苏
600099.SS,林海股份,江苏
600105.SS,永鼎股份,江苏
600128.SS,苏豪弘业,江苏
600250.SS,南京商旅,江苏
600268.SS,国电南自,江苏
600276.SS,恒瑞医药,江苏
600280.SS,中央商场,江苏
600282.SS,南钢股份,江苏
600287.SS,苏豪时尚,江苏
600300.SS,维维股份,江苏
002530.SZ,金财互联,江苏
002531.SZ,天顺风能,江苏
601199.SS,江南水务,江苏
300284.SZ,苏交科,江苏
002553.SZ,南方精工,江苏
002585.SZ,双星新材,江苏
601010.SS,文峰股份,江苏
300228.SZ,富瑞特装,江苏
300240.SZ,飞力达,江苏
002623.SZ,亚玛顿,江苏
300091.SZ,*ST金灵,江苏
002445.SZ,中南文化,江苏
002455.SZ,百川股份,江苏
002463.SZ,沪电股份,江苏
300295.SZ,三六五网,江苏
002685.SZ,华东重机,江苏
300172.SZ,中电环保,江苏
002559.SZ,亚威股份,江苏
300192.SZ,科德教育,江苏
300292.SZ,吴通控股,江苏
300346.SZ,南大光电,江苏
600854.SS,春兰股份,江苏
688060.SS,云涌科技,江苏
300211.SZ,*ST亿通,江苏
601218.SS,吉鑫科技,江苏
002722.SZ,物产金轮,江苏
603005.SS,晶方科技,江苏
300382.SZ,斯莱克,江苏
300373.SZ,扬杰科技,江苏
002576.SZ,通达动力,江苏
002631.SZ,德尔未来,江苏
002608.SZ,江苏国信,江苏
300258.SZ,精锻科技,江苏
300260.SZ,新莱应材,江苏
300261.SZ,雅本化学,江苏
300265.SZ,通光线缆,江苏
002564.SZ,天沃科技,江苏
002513.SZ,蓝丰生化,江苏
002514.SZ,宝馨科技,江苏
300190.SZ,维尔利,江苏
002547.SZ,春兴精工,江苏
002550.SZ,千红制药,江苏
300141.SZ,和顺电气,江苏
300354.SZ,东华测试,江苏
600716.SS,凤凰股份,江苏
300304.SZ,云意电气,江苏
300160.SZ,秀强股份,江苏
300196.SZ,长海股份,江苏
300201.SZ,海伦哲,江苏
002645.SZ,华宏科技,江苏
300279.SZ,和晶科技,江苏
002635.SZ,安洁科技,江苏
002652.SZ,扬子新材,江苏
603366.SS,日出东方,江苏
601799.SS,星宇股份,江苏
300337.SZ,银邦股份,江苏
300342.SZ,天银机电,江苏
300339.SZ,润和软件,江苏
603699.SS,纽威股份,江苏
002540.SZ,亚太科技,江苏
601700.SS,风范股份,江苏
300331.SZ,苏大维格,江苏
601928.SS,凤凰传媒,江苏
300320.SZ,海达股份,江苏
002519.SZ,银河电子,江苏
002692.SZ,远程股份,江苏
002516.SZ,旷达科技,江苏
300305.SZ,裕兴股份,江苏
603188.SS,亚邦股份,江苏
603273.SS,天元智能,江苏
603518.SS,锦泓集团,江苏
603519.SS,立霸股份,江苏
603158.SS,腾龙股份,江苏
002747.SZ,埃斯顿,江苏
300429.SZ,强力新材,江苏
603988.SS,中电电机,江苏
920026.BJ,卓兆点胶,江苏
603018.SS,华设集团,江苏
300385.SZ,雪浪环境,江苏
300402.SZ,宝色股份,江苏
603369.SS,今世缘,江苏
300420.SZ,五洋自控,江苏
300394.SZ,天孚通信,江苏
300421.SZ,力星股份,江苏
603828.SS,ST柯利达,江苏
002734.SZ,利民股份,江苏
300416.SZ,苏试试验,江苏
300390.SZ,天华新能,江苏
603111.SS,康尼机电,江苏
603017.SS,中衡设计,江苏
300450.SZ,先导智能,江苏
002787.SZ,华源控股,江苏
603800.SS,洪田股份,江苏
603066.SS,音飞储存,江苏
603117.SS,万林物流,江苏
603355.SS,莱克电气,江苏
603968.SS,醋化股份,江苏
300466.SZ,赛摩智能,江苏
600959.SS,江苏有线,江苏
300500.SZ,启迪设计,江苏
601155.SS,新城控股,江苏
603339.SS,四方科技,江苏
603028.SS,赛福天,江苏
300507.SZ,苏奥传感,江苏
002796.SZ,世嘉科技,江苏
603528.SS,多伦科技,江苏
300509.SZ,新美星,江苏
000738.SZ,航发控制,江苏
300393.SZ,中来股份,江苏
300447.SZ,全信股份,江苏
603299.SS,苏盐井神,江苏
002808.SZ,*ST恒久,江苏
002807.SZ,江阴银行,江苏
300528.SZ,幸福蓝海,江苏
300549.SZ,优德精密,江苏
300522.SZ,世名科技,江苏
603900.SS,莱绅通灵,江苏
603819.SS,神力股份,江苏
002802.SZ,洪汇新材,江苏
603016.SS,新宏泰,江苏
603958.SS,哈森股份,江苏
603313.SS,梦百合,江苏
600919.SS,江苏银行,江苏
601128.SS,常熟银行,江苏
300563.SZ,神宇股份,江苏
603660.SS,苏州科达,江苏
301290.SZ,东星医疗,江苏
920662.BJ,方盛股份,江苏
603090.SS,宏盛股份,江苏
300537.SZ,广信材料,江苏
600908.SS,无锡银行,江苏
603007.SS,*ST花王,江苏
601500.SS,通用股份,江苏
300555.SZ,ST路通,江苏
603389.SS,*ST亚振,江苏
603878.SS,武进不锈,江苏
603928.SS,兴业股份,江苏
603036.SS,如通股份,江苏
603323.SS,苏农银行,江苏
603203.SS,快克智能,江苏
603990.SS,麦迪科技,江苏
603585.SS,苏利股份,江苏
688702.SS,盛科通信-U,江苏
002839.SZ,张家港行,江苏
603035.SS,常熟汽饰,江苏
300585.SZ,奥联电子,江苏
603929.SS,亚翔集成,江苏
603416.SS,信捷电气,江苏
300575.SZ,中旗股份,江苏
300600.SZ,国瑞科技,江苏
300584.SZ,海辰药业,江苏
603966.SS,法兰泰克,江苏
300580.SZ,贝斯特,江苏
603358.SS,华达科技,江苏
603078.SS,江化微,江苏
300598.SZ,诚迈科技,江苏
300610.SZ,晨化股份,江苏
300641.SZ,正丹股份,江苏
603179.SS,新泉股份,江苏
603041.SS,美思德,江苏
300631.SZ,久吾高科,江苏
603626.SS,科森科技,江苏
603955.SS,大千生态,江苏
300618.SZ,寒锐钴业,江苏
300623.SZ,捷捷微电,江苏
300617.SZ,安靠智电,江苏
603906.SS,龙蟠科技,江苏
301122.SZ,采纳股份,江苏
605288.SS,凯迪股份,江苏
301023.SZ,奕帆传动,江苏
300912.SZ,凯龙高科,江苏
688488.SS,艾迪药业,江苏
300660.SZ,江苏雷利,江苏
688580.SS,伟思医疗,江苏
688536.SS,思瑞浦,江苏
300554.SZ,三超新材,江苏
603787.SS,新日股份,江苏
002866.SZ,传艺科技,江苏
300682.SZ,朗新集团,江苏
603880.SS,南卫股份,江苏
603359.SS,东珠生态,江苏
688069.SS,德林海,江苏
002883.SZ,中设股份,江苏
603387.SS,基蛋生物,江苏
300842.SZ,帝科股份,江苏
603269.SS,海鸥股份,江苏
300670.SZ,大烨智能,江苏
603326.SS,我乐家居,江苏
603985.SS,恒润股份,江苏
300836.SZ,佰奥智能,江苏
603161.SS,科华控股,江苏
603707.SS,健友股份,江苏
603183.SS,建研院,江苏
300680.SZ,隆盛科技,江苏
300651.SZ,金陵体育,江苏
603488.SS,展鹏科技,江苏
688106.SS,金宏气体,江苏
601952.SS,苏垦农发,江苏
300697.SZ,电工合金,江苏
603776.SS,永安行,江苏
603680.SS,今创集团,江苏
603042.SS,华脉科技,江苏
300655.SZ,晶瑞电材,江苏
603286.SS,日盈电子,江苏
002877.SZ,智能自控,江苏
603380.SS,易德龙,江苏
300664.SZ,鹏鹞环保,江苏
603283.SS,赛腾股份,江苏
603890.SS,春秋电子,江苏
603876.SS,鼎胜新材,江苏
300644.SZ,南京聚隆,江苏
300709.SZ,精研科技,江苏
300708.SZ,聚灿光电,江苏
300707.SZ,威唐工业,江苏
603829.SS,洛凯股份,江苏
603722.SS,阿科力,江苏
603059.SS,倍加洁,江苏
300721.SZ,怡达股份,江苏
300717.SZ,华信新材,江苏
603136.SS,天目湖,江苏
600901.SS,江苏金租,江苏
603655.SS,朗博科技,江苏
603922.SS,金鸿顺,江苏
603507.SS,振江股份,江苏
300715.SZ,凯伦股份,江苏
603912.SS,佳力图,江苏
603937.SS,丽岛新材,江苏
603916.SS,苏博特,江苏
300725.SZ,药石科技,江苏
688599.SS,天合光能,江苏
603693.SS,江苏新能,江苏
688558.SS,国盛智科,江苏
603486.SS,科沃斯,江苏
601990.SS,南京证券,江苏
603666.SS,亿嘉和,江苏
301016.SZ,雷尔伟,江苏
603013.SS,亚普股份,江苏
603259.SS,药明康德,江苏
603810.SS,丰山集团,江苏
601860.SS,紫金银行,江苏
300753.SZ,爱朋医疗,江苏
300751.SZ,迈为股份,江苏
603629.SS,利通电子,江苏
300694.SZ,蠡湖股份,江苏
300757.SZ,罗博特科,江苏
300761.SZ,立华股份,江苏
601975.SS,招商南油,江苏
002947.SZ,恒铭达,江苏
603351.SS,威尔药业,江苏
603332.SS,苏州龙杰,江苏
603185.SS,弘元绿能,江苏
688377.SS,迪威尔,江苏
603982.SS,泉峰汽车,江苏
300777.SZ,中简科技,江苏
688003.SS,天准科技,江苏
603530.SS,神马电力,江苏
603915.SS,国茂股份,江苏
300782.SZ,卓胜微,江苏
688022.SS,瀚川智能,江苏
002387.SZ,维信诺,江苏
603115.SS,海星股份,江苏
688029.SS,南微医学,江苏
002966.SZ,苏州银行,江苏
688001.SS,华兴源创,江苏
300798.SZ,锦鸡股份,江苏
688030.SS,山石网科,江苏
603489.SS,八方股份,江苏
688166.SS,博瑞医药,江苏
688116.SS,天奈科技,江苏
688300.SS,联瑞新材,江苏
688266.SS,泽璟制药-U,江苏
300806.SZ,斯迪克,江苏
688399.SS,硕世生物,江苏
688218.SS,江苏北人,江苏
688258.SS,卓易信息,江苏
300809.SZ,华辰装备,江苏
688358.SS,祥生医疗,江苏
601512.SS,中新集团,江苏
688178.SS,万德斯,江苏
002976.SZ,瑞玛精密,江苏
300819.SZ,聚杰微纤,江苏
603221.SS,爱丽家居,江苏
688186.SS,广大特材,江苏
688096.SS,京源环保,江苏
300826.SZ,测绘股份,江苏
300827.SZ,上能电气,江苏
603212.SS,赛伍技术,江苏
688566.SS,吉贝尔,江苏
300855.SZ,图南股份,江苏
688508.SS,芯朋微,江苏
688588.SS,凌志软件,江苏
688516.SS,奥特维,江苏
688286.SS,敏芯股份,江苏
000035.SZ,中国天楹,江苏
002394.SZ,联发股份,江苏
300856.SZ,科思股份,江苏
601456.SS,国联民生,江苏
605333.SS,沪光股份,江苏
688055.SS,龙腾光电,江苏
300864.SZ,南大环境,江苏
603155.SS,新亚强,江苏
688017.SS,绿的谐波,江苏
688408.SS,中信博,江苏
300881.SZ,盛德鑫泰,江苏
002998.SZ,优彩资源,江苏
688390.SS,固德威,江苏
300873.SZ,海晨股份,江苏
605123.SS,派克新材,江苏
605111.SS,新洁能,江苏
605099.SS,共创草坪,江苏
688093.SS,世华科技,江苏
605218.SS,伟时电子,江苏
688013.SS,天臣医疗,江苏
603688.SS,石英股份,江苏
300885.SZ,海昌新材,江苏
002478.SZ,常宝股份,江苏
002778.SZ,中晟高科,江苏
601555.SS,东吴证券,江苏
002708.SZ,光洋股份,江苏
600370.SS,三房巷,江苏
600527.SS,江南高纤,江苏
688386.SS,泛亚微透,江苏
003015.SZ,日久光电,江苏
605058.SS,澳弘电子,江苏
688221.SS,前沿生物-U,江苏
300905.SZ,宝丽迪,江苏
300907.SZ,康平科技,江苏
605258.SS,协和电子,江苏
605183.SS,确成股份,江苏
605376.SS,博迁新材,江苏
688510.SS,航亚科技,江苏
688678.SS,福立旺,江苏
688698.SS,伟创电气,江苏
300936.SZ,中英科技,江苏
688656.SS,浩欧博,江苏
300931.SZ,通用电梯,江苏
300933.SZ,中辰股份,江苏
300926.SZ,博俊科技,江苏
300927.SZ,江天化学,江苏
003032.SZ,*ST传智,江苏
688689.SS,银河微电,江苏
688350.SS,富淼科技,江苏
688607.SS,康众医疗,江苏
688633.SS,星球石墨,江苏
605133.SS,嵘泰股份,江苏
605298.SS,必得科技,江苏
688260.SS,昀冢科技,江苏
605286.SS,同力天启,江苏
605389.SS,长龄液压,江苏
688329.SS,艾隆科技,江苏
300952.SZ,恒辉安防,江苏
003043.SZ,华亚智能,江苏
300959.SZ,线上线下,江苏
688661.SS,和林微纳,江苏
300970.SZ,华绿生物,江苏
300982.SZ,苏文电能,江苏
300975.SZ,商络电子,江苏
688533.SS,上声电子,江苏
688113.SS,联测科技,江苏
605089.SS,味知香,江苏
001205.SZ,盛航股份,江苏
688097.SS,博众精工,江苏
605300.SS,佳禾食品,江苏
688355.SS,明志科技,江苏
688685.SS,迈信林,江苏
301010.SZ,晶雪节能,江苏
688076.SS,ST诺泰,江苏
688700.SS,东威科技,江苏
301006.SZ,迈拓股份,江苏
301003.SZ,江苏博云,江苏
605319.SS,无锡振华,江苏
688690.SS,纳微科技,江苏
688601.SS,力芯微,江苏
301012.SZ,扬电科技,江苏
301026.SZ,浩通科技,江苏
688226.SS,威腾电气,江苏
605167.SS,利柏特,江苏
301030.SZ,仕净科技,江苏
688800.SS,瑞可达,江苏
301036.SZ,双乐股份,江苏
301045.SZ,天禄科技,江苏
301040.SZ,中环海陆,江苏
605588.SS,冠石科技,江苏
688670.SS,金迪克,江苏
300964.SZ,本川智能,江苏
301058.SZ,中粮科工,江苏
688711.SS,宏微科技,江苏
688103.SS,国力电子,江苏
301061.SZ,匠心家居,江苏
301063.SZ,海锅股份,江苏
688697.SS,纽威数控,江苏
301076.SZ,新瀚新材,江苏
301078.SZ,孩子王,江苏
301072.SZ,中捷精工,江苏
301088.SZ,戎美股份,江苏
301093.SZ,华兰股份,江苏
688257.SS,新锐股份,江苏
301090.SZ,华润材料,江苏
688211.SS,中科微至,江苏
688105.SS,诺唯赞,江苏
301098.SZ,金埔园林,江苏
688232.SS,新点软件,江苏
301180.SZ,万祥科技,江苏
688182.SS,灿勤科技,江苏
301155.SZ,海力风电,江苏
301179.SZ,泽宇智能,江苏
688259.SS,创耀科技,江苏
301106.SZ,骏成科技,江苏
301116.SZ,益客食品,江苏
688225.SS,亚信安全,江苏
688261.SS,东微半导,江苏
301186.SZ,超达装备,江苏
301101.SZ,明月镜片,江苏
001234.SZ,泰慕士,江苏
688192.SS,迪哲医药-U,江苏
301168.SZ,通灵股份,江苏
688262.SS,国芯科技,江苏
688176.SS,亚虹医药-U,江苏
301181.SZ,标榜股份,江苏
301229.SZ,纽泰格,江苏
301215.SZ,中汽股份,江苏
301137.SZ,哈焊华通,江苏
688337.SS,普源精电,江苏
688048.SS,长光华芯,江苏
688295.SS,中复神鹰,江苏
301226.SZ,祥明智能,江苏
301258.SZ,富士莱,江苏
301163.SZ,宏德股份,江苏
301187.SZ,欧圣电气,江苏
688046.SS,药康生物,江苏
688052.SS,纳芯微,江苏
603097.SS,江苏华辰,江苏
603206.SS,嘉环科技,江苏
688170.SS,德龙激光,江苏
301160.SZ,翔楼新材,江苏
301266.SZ,宇邦新材,江苏
301125.SZ,腾亚精工,江苏
301238.SZ,瑞泰新材,江苏
301220.SZ,亚香股份,江苏
688353.SS,华盛锂电,江苏
001236.SZ,弘业期货,江苏
603201.SS,常润股份,江苏
688231.SS,隆达股份,江苏
688375.SS,国博电子,江苏
301195.SZ,北路智控,江苏
688371.SS,菲沃泰,江苏
688205.SS,德科立,江苏
301278.SZ,快可电子,江苏
688273.SS,麦澜德,江苏
688381.SS,帝奥微,江苏
920790.BJ,联迪信息,江苏
301115.SZ,联检科技,江苏
920418.BJ,苏轴股份,江苏
920946.BJ,森萱医药,江苏
920834.BJ,三维装备,江苏
920089.BJ,禾昌聚合,江苏
920278.BJ,鹿得医疗,江苏
920735.BJ,德源药业,江苏
920509.BJ,同惠电子,江苏
920533.BJ,骏创科技,江苏
920305.BJ,*ST云创,江苏
920149.BJ,旭杰科技,江苏
920720.BJ,吉冈精密,江苏
920167.BJ,同享科技,江苏
920204.BJ,沪江材料,江苏
920299.BJ,灿能电力,江苏
920436.BJ,大地电气,江苏
920245.BJ,威博液压,江苏
920396.BJ,常辅股份,江苏
920642.BJ,通易航天,江苏
301339.SZ,通行宝,江苏
301285.SZ,鸿日达,江苏
688137.SS,近岸蛋白,江苏
603163.SS,圣晖集成,江苏
688448.SS,磁谷科技,江苏
001332.SZ,锡装股份,江苏
603052.SS,可川科技,江苏
920046.BJ,亿能电力,江苏
688426.SS,康为世纪,江苏
301389.SZ,隆扬电子,江苏
300217.SZ,东方电热,江苏
603879.SS,永悦科技,江苏
920914.BJ,远航精密,江苏
920339.BJ,恒太照明,江苏
688376.SS,美埃科技,江苏
920641.BJ,格利尔,江苏
688503.SS,聚和材料,江苏
920014.BJ,特瑞斯,江苏
688147.SS,微导纳米,江苏
920262.BJ,太湖雪,江苏
688496.SS,清越科技,江苏
920392.BJ,佳合科技,江苏
920950.BJ,迅安科技,江苏
920371.BJ,欧福蛋业,江苏
688515.SS,裕太微-U,江苏
920802.BJ,保丽洁,江苏
301260.SZ,格力博,江苏
603307.SS,扬州金泉,江苏
603065.SS,宿迁联盛,江苏
920422.BJ,润普食品,江苏
603291.SS,联合水务,江苏
688502.SS,茂莱光学,江苏
600925.SS,苏能股份,江苏
301386.SZ,未来电器,江苏
301378.SZ,通达海,江苏
920663.BJ,明阳科技,江苏
920057.BJ,百甲科技,江苏
688531.SS,日联科技,江苏
601133.SS,柏诚股份,江苏
688535.SS,华海诚科,江苏
603125.SS,常青科技,江苏
301360.SZ,荣旗科技,江苏
920593.BJ,鼎智科技,江苏
688478.SS,晶升股份,江苏
603137.SS,恒尚节能,江苏
688539.SS,高华科技,江苏
920694.BJ,中裕科技,江苏
920699.BJ,海达尔,江苏
001324.SZ,长青科技,江苏
920006.BJ,晟楠科技,江苏
001373.SZ,翔腾新材,江苏
301310.SZ,鑫宏业,江苏
301505.SZ,苏州规划,江苏
301287.SZ,康力源,江苏
688472.SS,阿特斯,江苏
920221.BJ,易实精密,江苏
301202.SZ,朗威股份,江苏
688429.SS,时创能源,江苏
301210.SZ,金杨精密,江苏
688631.SS,莱斯信息,江苏
301170.SZ,锡南科技,江苏
301329.SZ,信音电子,江苏
301393.SZ,昊帆生物,江苏
301272.SZ,英华特,江苏
301518.SZ,长华化学,江苏
688450.SS,光格科技,江苏
688693.SS,锴威特,江苏
301418.SZ,协昌科技,江苏
301421.SZ,波长光电,江苏
920665.BJ,科强股份,江苏
301559.SZ,中集环科,江苏
603276.SS,恒兴新材,江苏
688657.SS,浩辰软件,江苏
688720.SS,艾森股份,江苏
920363.BJ,莱赛激光,江苏
920547.BJ,无锡晶海,江苏
920284.BJ,灵鸽科技,江苏
603312.SS,西典新能,江苏
603375.SS,盛景微,江苏
301502.SZ,华阳智能,江苏
301591.SZ,肯特股份,江苏
603344.SS,星德胜,江苏
300051.SZ,琏升科技,江苏
301587.SZ,中瑞股份,江苏
920931.BJ,无锡鼎邦,江苏
920002.BJ,万达轴承,江苏
603381.SS,永臻股份,江苏
301611.SZ,珂玛科技,江苏
920099.BJ,瑞华技术,江苏
301626.SZ,苏州天脉,江苏
603205.SS,健尔康,江苏
920060.BJ,万源通,江苏
688605.SS,先锋精科,江苏
920106.BJ,林泰新材,江苏
688758.SS,赛分科技,江苏
301601.SZ,惠通科技,江苏
301557.SZ,常友科技,江苏
688757.SS,胜科纳米,江苏
301560.SZ,众捷汽车,江苏
301665.SZ,泰禾股份,江苏
920068.BJ,天工股份,江苏
001400.SZ,江顺科技,江苏
301636.SZ,泽润新能,江苏
688755.SS,汉邦科技,江苏
603382.SS,海阳科技,江苏
603400.SS,华之杰,江苏
603262.SS,技源集团,江苏
301491.SZ,汉桑科技,江苏
603406.SS,天富龙,江苏
920007.BJ,酉立智能,江苏
920005.BJ,鼎佳精密,江苏
603370.SS,华新精科,江苏
920100.BJ,三协电机,江苏
301656.SZ,联合动力,江苏
920158.BJ,长江能科,江苏
920003.BJ,中诚咨询,江苏
603092.SS,德力佳,江苏
603334.SS,丰倍生物,江苏
920035.BJ,精创电气,江苏
603248.SS,锡华科技,江苏
688809.SS,强一股份,江苏
301687.SZ,新广益,江苏
920121.BJ,江天科技,江苏
920050.BJ,爱舍伦,江苏
600053.SS,九鼎投资,江西
600228.SS,*ST返利,江西
600269.SS,赣粤高速,江西
600316.SS,洪都航空,江西
600362.SS,江西铜业,江西
600363.SS,联创光电,江西
600373.SS,中文传媒,江西
600397.SS,江钨装备,江西
600461.SS,洪城环境,江西
600507.SS,方大特钢,江西
600561.SS,江西长运,江西
600590.SS,泰豪科技,江西
600750.SS,江中药业,江西
600782.SS,新钢股份,江西
000404.SZ,长虹华意,江西
000550.SZ,江铃汽车,江西
000650.SZ,仁和药业,江西
000789.SZ,万年青,江西
000829.SZ,天音控股,江西
000899.SZ,赣能股份,江西
000990.SZ,诚志股份,江西
002068.SZ,黑猫股份,江西
002157.SZ,正邦科技,江西
002176.SZ,江特电机,江西
002378.SZ,章源钨业,江西
300294.SZ,博雅生物,江西
002695.SZ,煌上煌,江西
300095.SZ,华伍股份,江西
001223.SZ,欧克科技,江西
002591.SZ,恒大高新,江西
002460.SZ,赣锋锂业,江西
301251.SZ,威尔高,江西
688567.SS,孚能科技,江西
300453.SZ,三鑫医疗,江西
300497.SZ,富祥药业,江西
603977.SS,国泰集团,江西
300636.SZ,同和药业,江西
002036.SZ,联创电子,江西
300722.SZ,新余国科,江西
603773.SS,沃格光电,江西
300748.SZ,金力永磁,江西
000820.SZ,*ST节能,江西
605188.SS,国光连锁,江西
300787.SZ,海能实业,江西
300472.SZ,*ST新元,江西
601778.SS,晶科科技,江西
605399.SS,晨光新材,江西
300066.SZ,三川智慧,江西
300818.SZ,耐普矿机,江西
600071.SS,凤凰光学,江西
002991.SZ,甘源食品,江西
605366.SS,宏柏新材,江西
002748.SZ,世龙实业,江西
300906.SZ,日月明,江西
688057.SS,金达莱,江西
688560.SS,明冠新材,江西
300399.SZ,天利科技,江西
300986.SZ,志特新材,江西
605090.SS,九丰能源,江西
600337.SS,美克家居,江西
300256.SZ,星星科技,江西
688786.SS,悦安新材,江西
301083.SZ,百胜智能,江西
002529.SZ,*ST海源,江西
603398.SS,*ST沐邦,江西
688223.SS,晶科能源,江西
301190.SZ,善水科技,江西
002760.SZ,凤形股份,江西
301219.SZ,腾远钴业,江西
001318.SZ,阳光乳业,江西
603235.SS,天新药业,江西
301132.SZ,满坤科技,江西
920427.BJ,华维设计,江西
600358.SS,ST联合,江西
301176.SZ,逸豪新材,江西
000831.SZ,中国稀土,江西
002343.SZ,慈文传媒,江西
920367.BJ,新赣江,江西
001366.SZ,播恩集团,江西
001360.SZ,南矿集团,江西
601065.SS,江盐集团,江西
920719.BJ,宁新新材,江西
301383.SZ,天键股份,江西
002670.SZ,国盛证券,江西
688543.SS,国科军工,江西
301446.SZ,福事特,江西
301511.SZ,德福科技,江西
001376.SZ,百通能源,江西
603124.SS,江南新材,江西
603257.SS,中国瑞林,江西
301575.SZ,艾芬达,江西
600125.SS,铁龙物流,辽宁
600167.SS,联美控股,辽宁
600231.SS,凌钢股份,辽宁
600233.SS,圆通速递,辽宁
600241.SS,时代万恒,辽宁
600303.SS,曙光股份,辽宁
600346.SS,恒力石化,辽宁
600396.SS,华电辽能,辽宁
600399.SS,抚顺特钢,辽宁
600593.SS,大连圣亚,辽宁
600609.SS,金杯汽车,辽宁
600694.SS,大商股份,辽宁
600718.SS,东软集团,辽宁
600719.SS,大连热电,辽宁
600739.SS,辽宁成大,辽宁
600758.SS,辽宁能源,辽宁
600795.SS,国电电力,辽宁
601999.SS,出版传媒,辽宁
000059.SZ,华锦股份,辽宁
000410.SZ,沈阳机床,辽宁
000530.SZ,冰山冷热,辽宁
000597.SZ,东北制药,辽宁
000679.SZ,大连友谊,辽宁
000692.SZ,惠天热电,辽宁
000698.SZ,ST沈化,辽宁
000715.SZ,中兴商业,辽宁
000761.SZ,本钢板材,辽宁
000881.SZ,中广核技,辽宁
000898.SZ,鞍钢股份,辽宁
002069.SZ,獐子岛,辽宁
002123.SZ,梦网科技,辽宁
002204.SZ,大连重工,辽宁
002231.SZ,*ST奥维,辽宁
002354.SZ,天娱数科,辽宁
300024.SZ,机器人,辽宁
300082.SZ,奥克股份,辽宁
000809.SZ,和展能源,辽宁
601880.SS,辽港股份,辽宁
300210.SZ,森远股份,辽宁
300293.SZ,蓝英装备,辽宁
300290.SZ,荣科科技,辽宁
002487.SZ,大金重工,辽宁
300097.SZ,ST智云,辽宁
002606.SZ,大连电瓷,辽宁
002689.SZ,ST远智,辽宁
300125.SZ,*ST聆达,辽宁
603399.SS,永杉锂业,辽宁
603609.SS,禾丰股份,辽宁
300405.SZ,科隆股份,辽宁
002731.SZ,萃华珠宝,辽宁
603866.SS,桃李面包,辽宁
300473.SZ,德尔股份,辽宁
603315.SS,福鞍股份,辽宁
603318.SS,水发燃气,辽宁
300573.SZ,兴齐眼药,辽宁
603360.SS,百傲化学,辽宁
600653.SS,申华控股,辽宁
603396.SS,金辰股份,辽宁
300758.SZ,七彩化学,辽宁
002952.SZ,亚世光电,辽宁
688037.SS,芯源微,辽宁
688233.SS,神工股份,辽宁
688529.SS,豪森智能,辽宁
301007.SZ,德迈仕,辽宁
688305.SS,科德数控,辽宁
688739.SS,成大生物,辽宁
301100.SZ,风光股份,辽宁
688267.SS,中触媒,辽宁
000818.SZ,航锦科技,辽宁
301103.SZ,何氏眼科,辽宁
688072.SS,拓荆科技,辽宁
000751.SZ,锌业股份,辽宁
603255.SS,鼎际得,辽宁
301349.SZ,信德新材,辽宁
920368.BJ,连城数控,辽宁
920826.BJ,盖世食品,辽宁
688409.SS,富创精密,辽宁
920810.BJ,春光智能,辽宁
920792.BJ,东和新材,辽宁
920455.BJ,汇隆活塞,辽宁
301509.SZ,金凯生科,辽宁
301566.SZ,达利凯普,辽宁
920018.BJ,宏远股份,辽宁
600165.SS,*ST宁科,宁夏
600449.SS,宁夏建材,宁夏
600785.SS,新华百货,宁夏
000557.SZ,西部创业,宁夏
000595.SZ,*ST宝实,宁夏
000815.SZ,美利云,宁夏
000862.SZ,银星能源,宁夏
000962.SZ,东方钽业,宁夏
002457.SZ,青龙管业,宁夏
601619.SS,嘉泽新能,宁夏
600989.SS,宝丰能源,宁夏
000635.SZ,英 力 特,宁夏
300967.SZ,晓鸣股份,宁夏
920010.BJ,凯添燃气,宁夏
920578.BJ,巨能股份,宁夏
300904.SZ,威力传动,宁夏
002646.SZ,天佑德酒,青海
000792.SZ,盐湖股份,青海
600117.SS,西宁特钢,青海
600243.SS,*ST海华,青海
600381.SS,*ST春天,青海
600714.SS,金瑞矿业,青海
600869.SS,远东股份,青海
601168.SS,西部矿业,青海
603843.SS,*ST正平,青海
000408.SZ,藏格矿业,青海
600017.SS,日照港,山东
600027.SS,华电国际,山东
600060.SS,海信视像,山东
600076.SS,康欣新材,山东
600180.SS,瑞茂通,山东
600188.SS,兖矿能源,山东
600212.SS,绿能慧充,山东
600219.SS,南山铝业,山东
600223.SS,福瑞达,山东
600229.SS,城市传媒,山东
600308.SS,华泰股份,山东
600309.SS,万华化学,山东
600319.SS,亚星化学,山东
600336.SS,澳柯玛,山东
600350.SS,山东高速,山东
600426.SS,华鲁恒升,山东
600448.SS,华纺股份,山东
600467.SS,好当家,山东
600529.SS,山东药玻,山东
600547.SS,山东黄金,山东
600579.SS,中化装备,山东
600586.SS,金晶科技,山东
600587.SS,新华医疗,山东
600600.SS,青岛啤酒,山东
600690.SS,海尔智家,山东
600727.SS,鲁北化工,山东
600735.SS,ST新华锦,山东
600777.SS,*ST新潮,山东
600783.SS,鲁信创投,山东
600784.SS,鲁银投资,山东
600789.SS,鲁抗医药,山东
600807.SS,济高发展,山东
600858.SS,银座股份,山东
600960.SS,渤海汽车,山东
600966.SS,博汇纸业,山东
601678.SS,滨化股份,山东
000338.SZ,潍柴动力,山东
000407.SZ,胜利股份,山东
000423.SZ,东阿阿胶,山东
000488.SZ,ST晨鸣,山东
000506.SZ,招金黄金,山东
000554.SZ,泰山石油,山东
000599.SZ,青岛双星,山东
000655.SZ,金岭矿业,山东
000677.SZ,恒天海龙,山东
000680.SZ,山推股份,山东
000682.SZ,东方电子,山东
000720.SZ,新能泰山,山东
000726.SZ,鲁  泰Ａ,山东
000756.SZ,新华制药,山东
000811.SZ,冰轮环境,山东
000822.SZ,山东海化,山东
000830.SZ,鲁西化工,山东
000869.SZ,张  裕Ａ,山东
000880.SZ,潍柴重机,山东
000915.SZ,华特达因,山东
000951.SZ,中国重汽,山东
000957.SZ,中通客车,山东
000977.SZ,浪潮信息,山东
002026.SZ,山东威达,山东
002041.SZ,登海种业,山东
002073.SZ,软控股份,山东
002078.SZ,太阳纸业,山东
002083.SZ,孚日股份,山东
002086.SZ,东方海洋,山东
002088.SZ,鲁阳节能,山东
002107.SZ,沃华医药,山东
002111.SZ,威海广泰,山东
002117.SZ,东港股份,山东
002193.SZ,如意集团,山东
002234.SZ,民和股份,山东
002237.SZ,恒邦股份,山东
002241.SZ,歌尔股份,山东
002242.SZ,九阳股份,山东
002248.SZ,华东数控,山东
002254.SZ,泰和新材,山东
002270.SZ,华明装备,山东
002283.SZ,天润工业,山东
002286.SZ,保龄宝,山东
002330.SZ,得利斯,山东
002339.SZ,积成电子,山东
002353.SZ,杰瑞股份,山东
002355.SZ,兴民智通,山东
002363.SZ,隆基机械,山东
002374.SZ,中锐股份,山东
002376.SZ,新北洋,山东
002379.SZ,宏创控股,山东
002382.SZ,蓝帆医疗,山东
002408.SZ,齐翔腾达,山东
300001.SZ,特锐德,山东
600756.SS,浪潮软件,山东
600760.SS,中航沈飞,山东
300185.SZ,通裕重工,山东
002481.SZ,双塔食品,山东
300214.SZ,日科化学,山东
002490.SZ,山东墨龙,山东
002498.SZ,汉缆股份,山东
002545.SZ,东方铁塔,山东
002581.SZ,ST未名,山东
300224.SZ,正海磁材,山东
002588.SZ,史丹利,山东
002643.SZ,万润股份,山东
300285.SZ,国瓷材料,山东
002675.SZ,东诚药业,山东
002526.SZ,山东矿机,山东
002485.SZ,ST雪发,山东
300321.SZ,同大股份,山东
300110.SZ,华仁药业,山东
002476.SZ,宝莫股份,山东
688309.SS,恒誉环保,山东
002580.SZ,圣阳股份,山东
300121.SZ,阳谷华泰,山东
300343.SZ,ST联创,山东
603167.SS,渤海轮渡,山东
002655.SZ,共达电声,山东
002589.SZ,瑞康医药,山东
002595.SZ,豪迈科技,山东
300237.SZ,ST美晨,山东
601058.SS,赛轮轮胎,山东
300243.SZ,瑞丰高材,山东
002521.SZ,齐峰新材,山东
002671.SZ,龙泉股份,山东
300175.SZ,ST朗源,山东
000498.SZ,山东路桥,山东
002458.SZ,益生股份,山东
300099.SZ,尤洛卡,山东
002469.SZ,三维化学,山东
002470.SZ,金正大,山东
300105.SZ,龙源技术,山东
300308.SZ,中际旭创,山东
688579.SS,山大地纬,山东
002726.SZ,龙大美食,山东
002746.SZ,仙坛股份,山东
000409.SZ,云鼎科技,山东
300423.SZ,昇辉科技,山东
300479.SZ,神思电子,山东
603223.SS,恒通股份,山东
002768.SZ,国恩股份,山东
603026.SS,石大胜华,山东
603021.SS,ST华鹏,山东
603798.SS,康普顿,山东
603029.SS,天鹅股份,山东
603779.SS,威龙股份,山东
603421.SS,鼎信通讯,山东
002805.SZ,丰元股份,山东
002810.SZ,山东赫达,山东
603858.SS,步长制药,山东
601966.SS,玲珑轮胎,山东
601163.SS,三角轮胎,山东
300569.SZ,天能重工,山东
603708.SS,家家悦,山东
002838.SZ,道恩股份,山东
300583.SZ,赛托生物,山东
603639.SS,海利尔,山东
603638.SS,艾迪精密,山东
603577.SS,汇金通,山东
601366.SS,利群股份,山东
603586.SS,金麒麟,山东
300950.SZ,德固特,山东
002323.SZ,雅博股份,山东
003022.SZ,联泓新科,山东
300690.SZ,双一科技,山东
603612.SS,索通发展,山东
300677.SZ,英科医疗,山东
300699.SZ,光威复材,山东
002890.SZ,弘宇股份,山东
300659.SZ,中孚信息,山东
603086.SS,先达股份,山东
002891.SZ,中宠股份,山东
603113.SS,金能科技,山东
300653.SZ,正海生物,山东
603536.SS,惠发食品,山东
603856.SS,东宏股份,山东
603367.SS,辰欣药业,山东
300654.SZ,世纪天鸿,山东
002921.SZ,联诚精密,山东
603278.SS,大业股份,山东
601019.SS,山东出版,山东
301017.SZ,漱玉平民,山东
688161.SS,威高骨科,山东
603187.SS,海容冷链,山东
002948.SZ,青岛银行,山东
601298.SS,青岛港,山东
603739.SS,蔚蓝生物,山东
002958.SZ,青农商行,山东
300848.SZ,美瑞新材,山东
603967.SS,中创物流,山东
603279.SS,景津装备,山东
603217.SS,元利科技,山东
688002.SS,睿创微纳,山东
300779.SZ,惠城环保,山东
300786.SZ,国林科技,山东
688021.SS,奥福科技,山东
688363.SS,华熙生物,山东
688139.SS,海尔生物,山东
300801.SZ,泰和科技,山东
300821.SZ,东岳硅材,山东
600918.SS,中泰证券,山东
300830.SZ,金现代,山东
605001.SS,威奥股份,山东
605100.SS,华丰股份,山东
000639.SZ,西王食品,山东
002094.SZ,青岛金王,山东
002537.SZ,海联金汇,山东
002598.SZ,山东章鼓,山东
002871.SZ,伟隆股份,山东
002899.SZ,英派斯,山东
300443.SZ,金雷股份,山东
300594.SZ,朗进科技,山东
300840.SZ,酷特智能,山东
600022.SS,山东钢铁,山东
603755.SS,日辰股份,山东
688556.SS,高测股份,山东
605006.SS,山东玻纤,山东
605198.SS,安德利,山东
002984.SZ,森麒麟,山东
300183.SZ,东软载波,山东
300233.SZ,金城医药,山东
300143.SZ,盈康生命,山东
688557.SS,兰剑智能,山东
688136.SS,科兴制药,山东
300918.SZ,南山智尚,山东
003033.SZ,征和工业,山东
688191.SS,智洋创新,山东
300948.SZ,冠中生态,山东
688677.SS,海泰新光,山东
003042.SZ,中农联合,山东
688663.SS,新风光,山东
605016.SS,百龙创园,山东
300993.SZ,玉马科技,山东
688681.SS,科汇股份,山东
601665.SS,齐鲁银行,山东
603836.SS,海程邦达,山东
300996.SZ,普联软件,山东
301015.SZ,百洋医药,山东
001207.SZ,联科科技,山东
688501.SS,青达环保,山东
688087.SS,英科再生,山东
301020.SZ,密封科技,山东
301022.SZ,海泰科,山东
605287.SS,德才股份,山东
301035.SZ,润丰股份,山东
605589.SS,圣泉集团,山东
600955.SS,维远股份,山东
301069.SZ,凯盛新材,山东
605567.SS,春雪食品,山东
000668.SZ,*ST荣控,山东
001219.SZ,青岛食品,山东
301149.SZ,隆华新材,山东
301188.SZ,力诺药包,山东
688190.SS,云路股份,山东
301185.SZ,鸥玛软件,山东
301199.SZ,迈赫股份,山东
688234.SS,天岳先进,山东
301158.SZ,德石股份,山东
301206.SZ,三元生物,山东
603102.SS,百合股份,山东
688331.SS,荣昌生物,山东
000503.SZ,国新健康,山东
001331.SZ,胜通能源,山东
301296.SZ,新巨丰,山东
301209.SZ,联合化学,山东
920510.BJ,丰光精密,山东
920832.BJ,齐鲁华信,山东
920839.BJ,万通液压,山东
920378.BJ,泰德股份,山东
920689.BJ,克莱特,山东
920419.BJ,路斯股份,山东
920670.BJ,数字人,山东
920092.BJ,汉鑫科技,山东
920212.BJ,智新电子,山东
920242.BJ,建邦科技,山东
920271.BJ,邦德股份,山东
688455.SS,科捷智能,山东
603182.SS,嘉华股份,山东
688035.SS,德邦科技,山东
920476.BJ,海能技术,山东
301299.SZ,卓创资讯,山东
001300.SZ,三柏硕,山东
603151.SS,邦基科技,山东
920195.BJ,三祥科技,山东
920190.BJ,雷神科技,山东
001260.SZ,坤泰股份,山东
603190.SS,亚通精工,山东
920261.BJ,一诺威,山东
301439.SZ,泓淋电力,山东
301281.SZ,科源制药,山东
920304.BJ,迪尔化工,山东
920394.BJ,民士达,山东
301337.SZ,亚华电子,山东
301320.SZ,豪江智能,山东
301262.SZ,海看股份,山东
920651.BJ,天罡股份,山东
002793.SZ,罗欣药业,山东
301292.SZ,海科新源,山东
301456.SZ,盘古智能,山东
301498.SZ,乖宝宠物,山东
920953.BJ,国子软件,山东
603270.SS,金帝股份,山东
920132.BJ,泰鹏智能,山东
601096.SS,宏盛华源,山东
001379.SZ,腾达科技,山东
688695.SS,中创股份,山东
603285.SS,键邦股份,山东
301617.SZ,博苑股份,山东
603014.SS,威高血净,山东
301678.SZ,新恒汇,山东
001388.SZ,信通电子,山东
301609.SZ,山大电力,山东
920020.BJ,泰凯英,山东
600080.SS,金花股份,陕西
600217.SS,中再资环,陕西
600248.SS,陕建股份,陕西
600302.SS,标准股份,陕西
600343.SS,航天动力,陕西
600379.SS,宝光股份,陕西
600455.SS,博通股份,陕西
600456.SS,宝钛股份,陕西
600706.SS,曲江文旅,陕西
600707.SS,彩虹股份,陕西
600831.SS,广电网络,陕西
600893.SS,航发动力,陕西
600984.SS,建设机械,陕西
601179.SS,中国西电,陕西
601369.SS,陕鼓动力,陕西
601958.SS,金钼股份,陕西
000516.SZ,国际医学,陕西
000561.SZ,烽火电子,陕西
000563.SZ,陕国投Ａ,陕西
000610.SZ,西安旅游,陕西
000697.SZ,ST炼石,陕西
000721.SZ,西安饮食,陕西
000768.SZ,中航西飞,陕西
000812.SZ,陕西金叶,陕西
000837.SZ,秦川机床,陕西
002109.SZ,兴化股份,陕西
002149.SZ,西部材料,陕西
002267.SZ,陕天然气,陕西
300103.SZ,达刚控股,陕西
688498.SS,源杰科技,陕西
601012.SS,隆基绿能,陕西
601225.SS,陕西煤业,陕西
300140.SZ,节能环境,陕西
300164.SZ,通源石油,陕西
002673.SZ,西部证券,陕西
601015.SS,陕西黑猫,陕西
301517.SZ,陕西华达,陕西
300487.SZ,蓝晓科技,陕西
920519.BJ,万德股份,陕西
002799.SZ,环球印务,陕西
300581.SZ,晨曦航空,陕西
603139.SS,康惠股份,陕西
000564.SZ,供销大集,陕西
002864.SZ,盘龙药业,陕西
600665.SS,天地源,陕西
600928.SS,西安银行,陕西
300775.SZ,三角防务,陕西
688333.SS,铂力特,陕西
688122.SS,西部超导,陕西
688101.SS,三达膜,陕西
300831.SZ,派瑞股份,陕西
605168.SS,三人行,陕西
300861.SZ,美畅股份,陕西
688550.SS,瑞联新材,陕西
003009.SZ,中天火箭,陕西
601568.SS,北元集团,陕西
688314.SS,康拓医疗,陕西
688269.SS,凯立新材,陕西
301031.SZ,中熔电气,陕西
605033.SS,美邦股份,陕西
688285.SS,高铁电气,陕西
688167.SS,炬光科技,陕西
688281.SS,华秦科技,陕西
688150.SS,莱特光电,陕西
688102.SS,斯瑞新材,陕西
301306.SZ,西测测试,陕西
001231.SZ,农心科技,陕西
301171.SZ,易点天下,陕西
301231.SZ,荣信文化,陕西
920564.BJ,天润科技,陕西
920599.BJ,同力股份,陕西
920640.BJ,富士达,陕西
001299.SZ,美能能源,陕西
001286.SZ,陕西能源,陕西
301357.SZ,北方长龙,陕西
688334.SS,西高院,陕西
920576.BJ,天力复合,陕西
688719.SS,爱科赛博,陕西
301589.SZ,诺瓦星云,陕西
300397.SZ,天和防务,陕西
920098.BJ,科隆新材,陕西
302132,中航成飞,陕西
688783.SS,西安奕材-U,陕西
603402.SS,陕西旅游,陕西
600335.SS,国机汽车,天津
600468.SS,百利电气,天津
002510.SZ,天汽模,天津
600488.SS,津药药业,天津
600535.SS,天士力,天津
600583.SS,海油工程,天津
600645.SS,中源协和,天津
600717.SS,天津港,天津
600751.SS,海航科技,天津
600787.SS,中储股份,天津
600800.SS,渤海化学,天津
600821.SS,金开新能,天津
600874.SS,创业环保,天津
601919.SS,中远海控,天津
000537.SZ,绿发电力,天津
000652.SZ,泰达股份,天津
000695.SZ,滨海能源,天津
000897.SZ,津滨发展,天津
000927.SZ,中国铁物,天津
000965.SZ,天保基建,天津
002129.SZ,TCL中环,天津
002134.SZ,天津普林,天津
002393.SZ,力生制药,天津
002432.SZ,九安医疗,天津
300026.SZ,红日药业,天津
600082.SS,海泰发展,天津
600158.SS,中体产业,天津
600322.SS,津投城开,天津
600329.SS,达仁堂,天津
300119.SZ,瑞普生物,天津
300120.SZ,经纬辉开,天津
300195.SZ,长荣股份,天津
300334.SZ,津膜科技,天津
300375.SZ,鹏翎股份,天津
603126.SS,中材节能,天津
603019.SS,中科曙光,天津
603969.SS,银龙股份,天津
300407.SZ,凯发电气,天津
002821.SZ,凯莱英,天津
603727.SS,博迈科,天津
002820.SZ,桂发祥,天津
300596.SZ,利安隆,天津
601686.SS,友发集团,天津
603096.SS,新经典,天津
002887.SZ,绿茵生态,天津
603712.SS,七一二,天津
603106.SS,恒银科技,天津
001965.SZ,招商公路,天津
688108.SS,赛诺医疗,天津
688199.SS,久日新材,天津
601360.SS,三六零,天津
300823.SZ,建科智能,天津
300828.SZ,锐新科技,天津
688185.SS,康希诺,天津
300875.SZ,捷强装备,天津
601808.SS,中海油服,天津
002337.SZ,赛象科技,天津
300988.SZ,津荣天宇,天津
001206.SZ,依依股份,天津
603529.SS,爱玛科技,天津
301102.SZ,兆讯传媒,天津
688153.SS,唯捷创芯,天津
688120.SS,华海清科,天津
688041.SS,海光信息,天津
920753.BJ,天纺标,天津
688420.SS,美腾科技,天津
920526.BJ,凯华材料,天津
603061.SS,金海通,天津
603135.SS,中重科技,天津
301487.SZ,盟固利,天津
920009.BJ,丹娜生物,天津
600169.SS,ST太重,山西
600234.SS,科新发展,山西
600281.SS,华阳新材,山西
600351.SS,亚宝药业,山西
600408.SS,安泰集团,山西
600495.SS,晋西车轴,山西
600539.SS,狮头股份,山西
600546.SS,山煤国际,山西
600740.SS,山西焦化,山西
600780.SS,通宝能源,山西
600809.SS,山西汾酒,山西
601699.SS,潞安环能,山西
000723.SZ,美锦能源,山西
000737.SZ,北方铜业,山西
000755.SZ,山西高速,山西
000767.SZ,晋控电力,山西
000968.SZ,蓝焰控股,山西
000983.SZ,山西焦煤,山西
002360.SZ,同德化工,山西
000403.SZ,派林生物,山西
002500.SZ,山西证券,山西
600157.SS,永泰能源,山西
002640.SZ,跨境通,山西
300486.SZ,东杰智能,山西
002753.SZ,永东股份,山西
600617.SS,国新能源,山西
300158.SZ,振东制药,山西
300254.SZ,仟源医药,山西
600123.SS,兰花科创,山西
600348.SS,华阳股份,山西
600691.SS,潞化科技,山西
601001.SS,晋控煤业,山西
601006.SS,大秦铁路,山西
603112.SS,华翔股份,山西
003002.SZ,壶化股份,山西
000825.SZ,太钢不锈,山西
600771.SS,广誉远,山西
300069.SZ,金利华电,山西
920932.BJ,科达自控,山西
920970.BJ,大禹生物,山西
920982.BJ,锦波生物,山西
002480.SZ,新筑股份,四川
603077.SS,和邦生物,四川
002497.SZ,雅化集团,四川
601208.SS,东材科技,四川
002628.SZ,成都路桥,四川
603333.SS,尚纬股份,四川
300249.SZ,依米康,四川
000598.SZ,兴蓉环境,四川
002253.SZ,*ST智胜,四川
002258.SZ,利尔化学,四川
002259.SZ,升达林业,四川
002268.SZ,电科网安,四川
002272.SZ,川润股份,四川
002312.SZ,川发龙蟒,四川
002357.SZ,富临运业,四川
002366.SZ,融发核电,四川
002386.SZ,天原股份,四川
002422.SZ,科伦药业,四川
300019.SZ,硅宝科技,四川
600039.SS,四川路桥,四川
600101.SS,明星电力,四川
600109.SS,国金证券,四川
600131.SS,XD国网信,四川
600137.SS,浪莎股份,四川
600331.SS,宏达股份,四川
600353.SS,旭光电子,四川
600378.SS,昊华科技,四川
600391.SS,航发科技,四川
600438.SS,通威股份,四川
600505.SS,西昌电力,四川
600558.SS,大西洋,四川
600644.SS,乐山电力,四川
600674.SS,川投能源,四川
600678.SS,四川金顶,四川
600779.SS,水井坊,四川
600793.SS,宜宾纸业,四川
600828.SS,茂业商业,四川
600839.SS,四川长虹,四川
600880.SS,博瑞传播,四川
600979.SS,广安爱众,四川
601107.SS,四川成渝,四川
000155.SZ,川能动力,四川
000509.SZ,华塑控股,四川
000510.SZ,新金路,四川
000568.SZ,泸州老窖,四川
000586.SZ,汇源通信,四川
000593.SZ,德龙汇能,四川
000628.SZ,高新发展,四川
000629.SZ,钒钛股份,四川
000710.SZ,贝瑞基因,四川
000790.SZ,华神科技,四川
000801.SZ,四川九洲,四川
000803.SZ,山高环能,四川
000810.SZ,创维数字,四川
000858.SZ,五 粮 液,四川
000876.SZ,新 希 望,四川
000888.SZ,峨眉山Ａ,四川
000912.SZ,泸天化,四川
000935.SZ,四川双马,四川
002023.SZ,海特高新,四川
002190.SZ,成飞集成,四川
002246.SZ,北化股份,四川
002630.SZ,ST华西,四川
300366.SZ,ST创意,四川
300092.SZ,科新机电,四川
002539.SZ,云图控股,四川
000757.SZ,浩物股份,四川
300101.SZ,振芯科技,四川
002651.SZ,利君股份,四川
300425.SZ,中建环能,四川
300432.SZ,富临精工,四川
002749.SZ,国光股份,四川
300434.SZ,金石亚药,四川
300492.SZ,华图山鼎,四川
002777.SZ,久远银海,四川
300470.SZ,中密控股,四川
300471.SZ,厚普股份,四川
002773.SZ,康弘药业,四川
300467.SZ,迅游科技,四川
300502.SZ,新易盛,四川
603027.SS,千禾味业,四川
002798.SZ,帝欧水华,四川
601811.SS,新华文轩,四川
300535.SZ,达威股份,四川
300547.SZ,川环科技,四川
300559.SZ,佳发教育,四川
002818.SZ,富森美,四川
301117.SZ,佳缘科技,四川
300841.SZ,康华生物,四川
601399.SS,国机重装,四川
300678.SZ,中科信息,四川
603679.SS,华体科技,四川
300696.SZ,爱乐达,四川
601838.SS,成都银行,四川
603809.SS,豪能股份,四川
002926.SZ,华西证券,四川
603477.SS,巨星农牧,四川
300733.SZ,西菱动力,四川
300504.SZ,天邑股份,四川
688528.SS,秦川物联,四川
600603.SS,广汇物流,四川
002935.SZ,天奥电子,四川
600392.SS,盛和资源,四川
002946.SZ,新乳业,四川
002951.SZ,金时科技,四川
603317.SS,天味食品,四川
603327.SS,福蓉科技,四川
300780.SZ,德恩精工,四川
300789.SZ,唐源电气,四川
603053.SS,成都燃气,四川
300820.SZ,英杰电气,四川
002977.SZ,天箭科技,四川
002978.SZ,安宁股份,四川
688222.SS,成都先导,四川
000731.SZ,四川美丰,四川
002466.SZ,天齐锂业,四川
002697.SZ,红旗连锁,四川
300022.SZ,吉峰科技,四川
300127.SZ,银河磁体,四川
300414.SZ,中光防雷,四川
300440.SZ,运达科技,四川
300463.SZ,迈克生物,四川
300540.SZ,蜀道装备,四川
600702.SS,舍得酒业,四川
600875.SS,东方电气,四川
688311.SS,盟升电子,四川
300865.SZ,大宏立,四川
688513.SS,苑东生物,四川
003023.SZ,彩虹集团,四川
300937.SZ,药易购,四川
603759.SS,海天股份,四川
688070.SS,纵横股份,四川
688636.SS,智明达,四川
688696.SS,极米科技,四川
300987.SZ,川网传媒,四川
300370.SZ,安控科技,四川
688117.SS,圣诺生物,四川
688319.SS,欧林生物,四川
688511.SS,*ST天微,四川
301050.SZ,雷电微力,四川
688776.SS,国光电气,四川
688553.SS,汇宇制药-W,四川
688737.SS,中自科技,四川
001288.SZ,运机集团,四川
301213.SZ,观想科技,四川
002240.SZ,盛新锂能,四川
688283.SS,坤恒顺维,四川
301256.SZ,华融化学,四川
603261.SS,*ST立航,四川
688302.SS,海创药业-U,四川
301286.SZ,侨源股份,四川
688297.SS,中无人机,四川
301233.SZ,盛帮股份,四川
301239.SZ,普瑞眼科,四川
688053.SS,ST思科瑞,四川
301336.SZ,趣睡科技,四川
920566.BJ,梓橦宫,四川
920943.BJ,优机股份,四川
920239.BJ,长虹能源,四川
920260.BJ,中寰股份,四川
920675.BJ,秉扬科技,四川
920199.BJ,倍益康,四川
920230.BJ,欧康医药,四川
920781.BJ,瑞奇智造,四川
688506.SS,百利天恒,四川
920425.BJ,乐创技术,四川
001337.SZ,四川黄金,四川
688629.SS,华丰科技,四川
301515.SZ,港通医疗,四川
301172.SZ,君逸数码,四川
000688.SZ,国城矿业,四川
000558.SZ,天府文旅,四川
688709.SS,成都华微,四川
301596.SZ,瑞迪智驱,四川
920008.BJ,成电光信,四川
301592.SZ,六九一二,四川
688708.SS,佳驰科技,四川
920029.BJ,开发科技,四川
920027.BJ,交大铁发,四川
600106.SS,重庆路桥,重庆
600116.SS,三峡水利,重庆
600129.SS,太极集团,重庆
600132.SS,重庆啤酒,重庆
600279.SS,重庆港,重庆
600292.SS,电投水电,重庆
600369.SS,西南证券,重庆
600452.SS,涪陵电力,重庆
600729.SS,重庆百货,重庆
600847.SS,万里股份,重庆
600877.SS,电科芯片,重庆
601005.SS,重庆钢铁,重庆
601158.SS,重庆水务,重庆
000514.SZ,渝 开 发,重庆
000565.SZ,渝三峡Ａ,重庆
000591.SZ,太阳能,重庆
000656.SZ,*ST金科,重庆
000736.SZ,*ST中地,重庆
000788.SZ,北大医药,重庆
000892.SZ,欢瑞世纪,重庆
000950.SZ,重药控股,重庆
001696.SZ,宗申动力,重庆
002004.SZ,华邦健康,重庆
300006.SZ,莱美药业,重庆
601777.SS,千里科技,重庆
002558.SZ,巨人网络,重庆
300275.SZ,梅安森,重庆
300122.SZ,智飞生物,重庆
920033.BJ,康普化学,重庆
300194.SZ,福安药业,重庆
601965.SS,中国汽研,重庆
603766.SS,隆鑫通用,重庆
300363.SZ,博腾股份,重庆
002507.SZ,涪陵榨菜,重庆
600917.SS,重庆燃气,重庆
002742.SZ,*ST三圣,重庆
603601.SS,再升科技,重庆
002765.SZ,蓝黛科技,重庆
601127.SS,赛力斯,重庆
603717.SS,天域生物,重庆
600939.SS,重庆建工,重庆
003006.SZ,百亚股份,重庆
603976.SS,正川股份,重庆
601827.SS,三峰环境,重庆
603758.SS,秦安股份,重庆
002872.SZ,ST天圣,重庆
002907.SZ,华森制药,重庆
000838.SZ,财信发展,重庆
603697.SS,有友食品,重庆
601077.SS,渝农商行,重庆
002968.SZ,新大正,重庆
603109.SS,神驰机电,重庆
002996.SZ,顺博合金,重庆
603100.SS,川仪股份,重庆
000625.SZ,长安汽车,重庆
601963.SS,重庆银行,重庆
605122.SS,四方新材,重庆
001317.SZ,三羊马,重庆
001296.SZ,长江材料,重庆
603191.SS,望变电气,重庆
301107.SZ,瑜欣电子,重庆
301121.SZ,紫建电子,重庆
920370.BJ,新安洁,重庆
920873.BJ,中设咨询,重庆
920857.BJ,泓禧科技,重庆
600615.SS,鑫源智造,重庆
688410.SS,山外山,重庆
001328.SZ,登康口腔,重庆
301307.SZ,美利信,重庆
920896.BJ,旺成科技,重庆
688576.SS,西山科技,重庆
688443.SS,智翔金泰-U,重庆
301397.SZ,溯联股份,重庆
301533.SZ,威马农机,重庆
920833.BJ,美心翼申,重庆
301526.SZ,国际复材,重庆
002168.SZ,*ST惠程,重庆
301613.SZ,新铝时代,重庆
603352.SS,至信股份,重庆
300142.SZ,沃森生物,云南
301311.SZ,昆船智能,云南
600096.SS,云天化,云南
600239.SS,云南城投,云南
600265.SS,ST景谷,云南
600422.SS,昆药集团,云南
600459.SS,贵研铂业,云南
600497.SS,驰宏锌锗,云南
600725.SS,云维股份,云南
600792.SS,云煤能源,云南
601099.SS,太平洋,云南
000538.SZ,云南白药,云南
000560.SZ,我爱我家,云南
000807.SZ,云铝股份,云南
000878.SZ,云南铜业,云南
000903.SZ,ST云动,云南
000948.SZ,南天信息,云南
000960.SZ,锡业股份,云南
002033.SZ,丽江股份,云南
002053.SZ,云南能投,云南
002059.SZ,云南旅游,云南
002114.SZ,罗平锌电,云南
002200.SZ,*ST交投,云南
002265.SZ,建设工业,云南
002428.SZ,云南锗业,云南
600883.SS,博闻科技,云南
600995.SS,南网储能,云南
002727.SZ,一心堂,云南
300505.SZ,川金诺,云南
002812.SZ,恩捷股份,云南
300957.SZ,贝泰妮,云南
600025.SS,华能水电,云南
300755.SZ,华致酒行,云南
300767.SZ,震安科技,云南
601236.SS,红塔证券,云南
605266.SS,健之佳,云南
605296.SS,神农集团,云南
920152.BJ,昆工科技,云南
920266.BJ,生物谷,云南
603075.SS,热威股份,浙江
002440.SZ,闰土股份,浙江
002443.SZ,金洲管道,浙江
002534.SZ,西子洁能,浙江
002479.SZ,富春环保,浙江
601018.SS,宁波港,浙江
601177.SS,杭齿前进,浙江
002586.SZ,ST围海,浙江
002590.SZ,万安科技,浙江
601567.SS,三星医疗,浙江
601789.SS,宁波建工,浙江
300234.SZ,开尔新材,浙江
300244.SZ,迪安诊断,浙江
002602.SZ,世纪华通,浙江
603008.SS,喜临门,浙江
002488.SZ,金固股份,浙江
002489.SZ,浙江永强,浙江
300133.SZ,华策影视,浙江
300111.SZ,向日葵,浙江
300113.SZ,顺网科技,浙江
002574.SZ,明牌珠宝,浙江
002624.SZ,完美世界,浙江
300306.SZ,远方信息,浙江
002615.SZ,哈尔斯,浙江
002617.SZ,露笑科技,浙江
300250.SZ,初灵信息,浙江
002637.SZ,赞宇科技,浙江
002677.SZ,浙江美大,浙江
601339.SS,百隆东方,浙江
002552.SZ,宝鼎科技,浙江
301280.SZ,珠城科技,浙江
920608.BJ,丰安股份,浙江
002444.SZ,巨星科技,浙江
601233.SS,桐昆股份,浙江
300307.SZ,慈星股份,浙江
002703.SZ,浙江世宝,浙江
002569.SZ,*ST步森,浙江
002570.SZ,贝因美,浙江
300329.SZ,海伦钢琴,浙江
300349.SZ,金卡智能,浙江
001256.SZ,炜冈科技,浙江
600051.SS,宁波联合,浙江
600052.SS,东望时代,浙江
600059.SS,古越龙山,浙江
600113.SS,浙江东日,浙江
600114.SS,东睦股份,浙江
600120.SS,浙江东方,浙江
600126.SS,杭钢股份,浙江
600152.SS,维科技术,浙江
600160.SS,巨化股份,浙江
600173.SS,卧龙新能,浙江
600177.SS,雅戈尔,浙江
600208.SS,衢州发展,浙江
600216.SS,浙江医药,浙江
600226.SS,亨通股份,浙江
600232.SS,金鹰股份,浙江
600235.SS,民丰特纸,浙江
600261.SS,阳光照明,浙江
600267.SS,海正药业,浙江
600283.SS,钱江水利,浙江
600330.SS,天通股份,浙江
600352.SS,浙江龙盛,浙江
600366.SS,宁波韵升,浙江
600415.SS,小商品城,浙江
600460.SS,士兰微,浙江
600477.SS,杭萧钢构,浙江
600491.SS,龙元建设,浙江
600512.SS,腾达建设,浙江
600521.SS,华海药业,浙江
600526.SS,菲达环保,浙江
600537.SS,亿晶光电,浙江
600570.SS,恒生电子,浙江
600571.SS,信雅达,浙江
600572.SS,康恩贝,浙江
600580.SS,卧龙电驱,浙江
600596.SS,新安股份,浙江
600668.SS,尖峰集团,浙江
600683.SS,京投发展,浙江
600704.SS,物产中大,浙江
600724.SS,宁波富达,浙江
600763.SS,通策医疗,浙江
600768.SS,宁波富邦,浙江
600776.SS,东方通信,浙江
600790.SS,轻纺城,浙江
600796.SS,钱江生化,浙江
600797.SS,浙大网新,浙江
600798.SS,宁波海运,浙江
600814.SS,杭州解百,浙江
600830.SS,香溢融通,浙江
600857.SS,宁波中百,浙江
600865.SS,百大集团,浙江
600884.SS,杉杉股份,浙江
600982.SS,宁波能源,浙江
600987.SS,航民股份,浙江
601002.SS,晋亿实业,浙江
601877.SS,正泰电器,浙江
000411.SZ,英特集团,浙江
000517.SZ,荣安地产,浙江
000559.SZ,万向钱潮,浙江
000705.SZ,浙江震元,浙江
000909.SZ,ST数源,浙江
000913.SZ,钱江摩托,浙江
000925.SZ,众合科技,浙江
000963.SZ,华东医药,浙江
000967.SZ,盈峰环境,浙江
002001.SZ,新 和 成,浙江
002003.SZ,伟星股份,浙江
002006.SZ,精工科技,浙江
002010.SZ,传化智联,浙江
002011.SZ,盾安环境,浙江
002012.SZ,凯恩股份,浙江
002020.SZ,京新药业,浙江
002034.SZ,旺能环境,浙江
002043.SZ,兔 宝 宝,浙江
002048.SZ,宁波华翔,浙江
002050.SZ,三花智控,浙江
002056.SZ,横店东磁,浙江
002061.SZ,浙江交科,浙江
002062.SZ,宏润建设,浙江
002064.SZ,华峰化学,浙江
002067.SZ,景兴纸业,浙江
002082.SZ,万邦德,浙江
002085.SZ,万丰奥威,浙江
002095.SZ,生 意 宝,浙江
002099.SZ,海翔药业,浙江
002103.SZ,广博股份,浙江
002112.SZ,三变科技,浙江
002115.SZ,三维通信,浙江
002119.SZ,康强电子,浙江
002120.SZ,韵达股份,浙江
002122.SZ,ST汇洲,浙江
002124.SZ,天邦食品,浙江
002126.SZ,银轮股份,浙江
002131.SZ,利欧股份,浙江
002133.SZ,广宇集团,浙江
002135.SZ,东南网架,浙江
002142.SZ,宁波银行,浙江
002144.SZ,宏达高科,浙江
002154.SZ,报 喜 鸟,浙江
002164.SZ,宁波东力,浙江
002173.SZ,创新医疗,浙江
002188.SZ,中天服务,浙江
002196.SZ,方正电机,浙江
002199.SZ,*ST东晶,浙江
002203.SZ,海亮股份,浙江
002206.SZ,海 利 得,浙江
002214.SZ,*ST大立,浙江
002224.SZ,三 力 士,浙江
002236.SZ,大华股份,浙江
002244.SZ,滨江集团,浙江
002250.SZ,联化科技,浙江
002263.SZ,大东南,浙江
002266.SZ,浙富控股,浙江
002273.SZ,水晶光电,浙江
002284.SZ,亚太股份,浙江
002318.SZ,久立特材,浙江
002322.SZ,理工能科,浙江
002326.SZ,永太科技,浙江
002332.SZ,仙琚制药,浙江
002344.SZ,海宁皮城,浙江
002364.SZ,中恒电气,浙江
002370.SZ,亚太药业,浙江
002372.SZ,伟星新材,浙江
002375.SZ,亚厦股份,浙江
002381.SZ,双箭股份,浙江
002389.SZ,航天彩虹,浙江
002403.SZ,爱仕达,浙江
002404.SZ,嘉欣丝绸,浙江
002415.SZ,海康威视,浙江
002418.SZ,康盛股份,浙江
002427.SZ,尤夫股份,浙江
002434.SZ,万里扬,浙江
300020.SZ,ST银江,浙江
300025.SZ,华星创业,浙江
300027.SZ,华谊兄弟,浙江
300032.SZ,金龙机电,浙江
300033.SZ,同花顺,浙江
300076.SZ,GQY视讯,浙江
300078.SZ,思创医惠,浙江
601113.SS,华鼎股份,浙江
300283.SZ,温州宏丰,浙江
002718.SZ,友邦吊顶,浙江
002725.SZ,跃岭股份,浙江
002508.SZ,老板电器,浙江
300144.SZ,宋城演艺,浙江
300145.SZ,南方泵业,浙江
300181.SZ,佐力药业,浙江
002562.SZ,兄弟科技,浙江
002563.SZ,森马服饰,浙江
300314.SZ,戴维医疗,浙江
002493.SZ,荣盛石化,浙江
601137.SS,博威合金,浙江
002648.SZ,卫星化学,浙江
000607.SZ,华媒控股,浙江
600576.SS,祥源文旅,浙江
600633.SS,浙数文化,浙江
002520.SZ,日发精机,浙江
002522.SZ,浙江众成,浙江
300163.SZ,先锋新材,浙江
601116.SS,三江购物,浙江
002664.SZ,信质集团,浙江
603001.SS,奥康国际,浙江
002686.SZ,亿利达,浙江
002687.SZ,乔治白,浙江
600023.SS,浙能电力,浙江
300351.SZ,永贵电器,浙江
300357.SZ,我武生物,浙江
300203.SZ,聚光科技,浙江
300360.SZ,炬华科技,浙江
300118.SZ,东方日升,浙江
300100.SZ,双林股份,浙江
300270.SZ,中威电子,浙江
002634.SZ,棒杰股份,浙江
300316.SZ,晶盛机电,浙江
300266.SZ,兴源环境,浙江
002515.SZ,金字火腿,浙江
002633.SZ,申科股份,浙江
002641.SZ,公元股份,浙江
002632.SZ,道明光学,浙江
000156.SZ,华数传媒,浙江
601579.SS,会稽山,浙江
603088.SS,宁波精达,浙江
603606.SS,东方电缆,浙江
002730.SZ,电光科技,浙江
603010.SS,万盛股份,浙江
300401.SZ,花园生物,浙江
603456.SS,九洲药业,浙江
603889.SS,新澳股份,浙江
603558.SS,健盛集团,浙江
300426.SZ,华智数媒,浙江
603015.SS,弘讯科技,浙江
603222.SS,济民健康,浙江
603618.SS,杭电股份,浙江
603338.SS,浙江鼎力,浙江
601689.SS,拓普集团,浙江
603168.SS,莎普爱思,浙江
603600.SS,永艺股份,浙江
603799.SS,华友钴业,浙江
603611.SS,诺力股份,浙江
300411.SZ,金盾股份,浙江
300412.SZ,迦南科技,浙江
603703.SS,盛洋科技,浙江
603789.SS,*ST星农,浙江
300459.SZ,汤姆猫,浙江
002758.SZ,浙农股份,浙江
603300.SS,海南华铁,浙江
603568.SS,伟明环保,浙江
603901.SS,永创智能,浙江
300439.SZ,美康生物,浙江
002756.SZ,永兴材料,浙江
002767.SZ,先锋电子,浙江
300478.SZ,杭州高新,浙江
300451.SZ,创业慧康,浙江
300461.SZ,田中精机,浙江
603311.SS,金海高科,浙江
300488.SZ,恒锋工具,浙江
603085.SS,天成自控,浙江
002779.SZ,中坚科技,浙江
603520.SS,司太立,浙江
603726.SS,朗迪集团,浙江
603822.SS,ST嘉澳,浙江
603701.SS,德宏股份,浙江
000739.SZ,普洛药业,浙江
300512.SZ,中亚股份,浙江
600176.SS,中国巨石,浙江
600273.SS,嘉化能源,浙江
600699.SS,均胜电子,浙江
002801.SZ,微光股份,浙江
300839.SZ,博汇股份,浙江
300519.SZ,新光药业,浙江
603816.SS,顾家家居,浙江
600926.SS,杭州银行,浙江
300548.SZ,长芯博创,浙江
300566.SZ,激智科技,浙江
603556.SS,海兴电力,浙江
601022.SS,宁波远洋,浙江
300553.SZ,集智股份,浙江
300550.SZ,和仁科技,浙江
603258.SS,电魂网络,浙江
300539.SZ,横河精密,浙江
603667.SS,五洲新春,浙江
300571.SZ,平治信息,浙江
605179.SS,一鸣食品,浙江
601882.SS,海天精工,浙江
603033.SS,三维股份,浙江
603239.SS,浙江仙通,浙江
300582.SZ,英飞特,浙江
603218.SS,日月股份,浙江
603186.SS,华正新材,浙江
002840.SZ,华统股份,浙江
300587.SZ,天铁科技,浙江
603266.SS,天龙股份,浙江
603877.SS,太平鸟,浙江
603165.SS,荣晟环保,浙江
603823.SS,百合花,浙江
603337.SS,杰克科技,浙江
603538.SS,美诺华,浙江
300637.SZ,扬帆新材,浙江
603040.SS,新坐标,浙江
603225.SS,新凤鸣,浙江
603926.SS,铁流股份,浙江
002863.SZ,今飞凯达,浙江
603081.SS,大丰实业,浙江
603811.SS,诚意药业,浙江
603303.SS,得邦照明,浙江
300604.SZ,长川科技,浙江
300558.SZ,贝达药业,浙江
002629.SZ,仁智股份,浙江
603208.SS,江山欧派,浙江
603839.SS,安正时尚,浙江
603677.SS,奇精机械,浙江
002849.SZ,威星智能,浙江
603178.SS,圣龙股份,浙江
603637.SS,镇海股份,浙江
603238.SS,诺邦股份,浙江
300626.SZ,华瑞股份,浙江
603578.SS,三星新材,浙江
002859.SZ,洁美科技,浙江
603665.SS,康隆达,浙江
603908.SS,牧高笛,浙江
603177.SS,德创环保,浙江
300611.SZ,美力科技,浙江
002860.SZ,星帅尔,浙江
688270.SS,臻镭科技,浙江
300837.SZ,浙矿股份,浙江
300838.SZ,浙江力诺,浙江
605116.SS,奥锐特,浙江
300920.SZ,润阳科技,浙江
605369.SS,拱东医疗,浙江
688127.SS,蓝特光学,浙江
605377.SS,华旺科技,浙江
003011.SZ,海象新材,浙江
003017.SZ,大洋生物,浙江
605060.SS,联德股份,浙江
603320.SS,迪贝电气,浙江
300913.SZ,兆龙互连,浙江
301068.SZ,大地海洋,浙江
300645.SZ,正元智慧,浙江
603505.SS,金石资源,浙江
605005.SS,合兴股份,浙江
605228.SS,神通科技,浙江
603757.SS,大元泵业,浙江
601878.SS,浙商证券,浙江
603595.SS,ST东尼,浙江
603557.SS,ST起步,浙江
603129.SS,春风动力,浙江
603181.SS,皇马科技,浙江
300649.SZ,杭州园林,浙江
603316.SS,诚邦股份,浙江
603331.SS,百达精工,浙江
603079.SS,圣达生物,浙江
300673.SZ,佩蒂股份,浙江
603500.SS,祥和实业,浙江
603980.SS,吉华集团,浙江
603602.SS,纵横通信,浙江
603321.SS,梅轮电梯,浙江
603896.SS,寿仙谷,浙江
300695.SZ,兆丰股份,浙江
300666.SZ,江丰电子,浙江
300643.SZ,万通智控,浙江
002896.SZ,中大力德,浙江
300652.SZ,雷迪克,浙江
603767.SS,中马传动,浙江
300669.SZ,沪宁股份,浙江
603617.SS,君禾股份,浙江
603305.SS,旭升集团,浙江
603229.SS,奥翔药业,浙江
002897.SZ,意华股份,浙江
603277.SS,银都股份,浙江
300727.SZ,润禾材料,浙江
300743.SZ,天地数码,浙江
002931.SZ,锋龙股份,浙江
300718.SZ,长盛轴承,浙江
603055.SS,台华新材,浙江
300702.SZ,天宇股份,浙江
603506.SS,南都物业,浙江
603897.SS,长城科技,浙江
603607.SS,京华激光,浙江
300710.SZ,万隆光电,浙江
603103.SS,横店影视,浙江
002915.SZ,中欣氟材,浙江
300729.SZ,乐歌股份,浙江
603711.SS,香飘飘,浙江
603917.SS,合力科技,浙江
603605.SS,珀莱雅,浙江
601108.SS,财通证券,浙江
603709.SS,中源家居,浙江
603289.SS,泰瑞机器,浙江
603260.SS,合盛硅业,浙江
300703.SZ,创源股份,浙江
600933.SS,爱柯迪,浙江
603076.SS,乐惠国际,浙江
603661.SS,恒林股份,浙江
603685.SS,晨丰科技,浙江
603733.SS,仙鹤股份,浙江
003030.SZ,祖名股份,浙江
605155.SS,西大门,浙江
605277.SS,新亚电子,浙江
603105.SS,芯能科技,浙江
603657.SS,春光科技,浙江
603301.SS,振德医疗,浙江
300746.SZ,汉嘉设计,浙江
603045.SS,福达合金,浙江
601921.SS,浙版传媒,浙江
002942.SZ,新农股份,浙江
603583.SS,捷昌驱动,浙江
603297.SS,永新光学,浙江
002937.SZ,兴瑞科技,浙江
002940.SZ,昂利康,浙江
000906.SZ,浙商中拓,浙江
603700.SS,宁水集团,浙江
300766.SZ,每日互动,浙江
601865.SS,福莱特,浙江
300763.SZ,锦浪科技,浙江
300849.SZ,锦盛新材,浙江
603379.SS,三美股份,浙江
300768.SZ,迪普科技,浙江
300772.SZ,运达股份,浙江
603662.SS,柯力传感,浙江
688006.SS,杭可科技,浙江
000980.SZ,众泰汽车,浙江
603867.SS,新化股份,浙江
688005.SS,容百科技,浙江
603093.SS,南华期货,浙江
688088.SS,虹软科技,浙江
603687.SS,大胜达,浙江
300796.SZ,贝斯美,浙江
300792.SZ,壹网壹创,浙江
688299.SS,长阳科技,浙江
601916.SS,浙商银行,浙江
603610.SS,麒盛科技,浙江
300795.SZ,米奥会展,浙江
688023.SS,安恒信息,浙江
688288.SS,鸿泉技术,浙江
603290.SS,斯达半导,浙江
300813.SZ,泰林生物,浙江
688298.SS,东方生物,浙江
603195.SS,公牛集团,浙江
688039.SS,当虹科技,浙江
603995.SS,甬金股份,浙江
603551.SS,奥普科技,浙江
603948.SS,建业股份,浙江
300817.SZ,双飞集团,浙江
603949.SS,雪龙集团,浙江
603095.SS,越剑智能,浙江
601609.SS,金田股份,浙江
688365.SS,光云科技,浙江
300853.SZ,申昊科技,浙江
605166.SS,聚合顺,浙江
688360.SS,德马科技,浙江
605066.SS,天正电气,浙江
002019.SZ,亿帆医药,浙江
002021.SZ,中捷资源,浙江
002032.SZ,苏 泊 尔,浙江
002247.SZ,聚力文化,浙江
002276.SZ,万马股份,浙江
002430.SZ,杭氧股份,浙江
002468.SZ,申通快递,浙江
002472.SZ,双环传动,浙江
002795.SZ,永和智控,浙江
300068.SZ,南都电源,浙江
300441.SZ,鲍斯股份,浙江
300698.SZ,万马科技,浙江
600130.SS,*ST波导,浙江
600671.SS,天目药业,浙江
603089.SS,正裕工业,浙江
603298.SS,杭叉集团,浙江
603806.SS,福斯特,浙江
688310.SS,迈得医疗,浙江
605318.SS,法狮龙,浙江
605003.SS,众望布艺,浙江
300863.SZ,卡倍亿,浙江
603931.SS,格林达,浙江
688379.SS,华光新材,浙江
605158.SS,华达新材,浙江
605088.SS,冠盛股份,浙江
688215.SS,瑞晟智能,浙江
300879.SZ,大叶股份,浙江
300880.SZ,迦南智能,浙江
605009.SS,豪悦护理,浙江
300882.SZ,万胜智能,浙江
605008.SS,长鸿高科,浙江
300878.SZ,维康药业,浙江
605255.SS,天普股份,浙江
300893.SZ,松原安全,浙江
605358.SS,立昂微,浙江
605018.SS,长华集团,浙江
002712.SZ,思美传媒,浙江
300897.SZ,山科智能,浙江
688577.SS,浙海德曼,浙江
300435.SZ,中泰股份,浙江
603997.SS,继峰股份,浙江
603116.SS,红蜻蜓,浙江
300347.SZ,泰格医药,浙江
603788.SS,宁波高发,浙江
300898.SZ,熊猫乳品,浙江
605336.SS,帅丰电器,浙江
300901.SZ,中胤时尚,浙江
605007.SS,五洲特纸,浙江
605068.SS,明新旭腾,浙江
688777.SS,中控技术,浙江
605177.SS,东亚药业,浙江
300911.SZ,亿田智能,浙江
688571.SS,杭华股份,浙江
003025.SZ,思进智能,浙江
003026.SZ,中晶科技,浙江
605500.SS,森林包装,浙江
300930.SZ,屹通新材,浙江
688819.SS,天能股份,浙江
300894.SZ,火星人,浙江
003036.SZ,泰坦股份,浙江
605055.SS,迎丰股份,浙江
605303.SS,园林股份,浙江
300943.SZ,春晖智控,浙江
300945.SZ,曼卡龙,浙江
002761.SZ,浙江建投,浙江
605337.SS,李子园,浙江
688606.SS,奥泰生物,浙江
605268.SS,王力安防,浙江
605077.SS,华康股份,浙江
688079.SS,美迪凯,浙江
688092.SS,爱科科技,浙江
300953.SZ,震裕科技,浙江
688616.SS,西力科技,浙江
003041.SZ,真爱美家,浙江
688109.SS,品茗科技,浙江
605378.SS,野马电池,浙江
688611.SS,杭州柯林,浙江
601599.SS,浙文影业,浙江
605117.SS,德业股份,浙江
600032.SS,浙江新能,浙江
605180.SS,华生科技,浙江
300969.SZ,恒帅股份,浙江
300992.SZ,泰福泵业,浙江
605080.SS,浙江自然,浙江
605488.SS,福莱新材,浙江
688565.SS,力源科技,浙江
301009.SZ,可靠股份,浙江
601528.SS,瑞丰银行,浙江
300998.SZ,宁波方正,浙江
301008.SZ,宏昌科技,浙江
605259.SS,绿田机械,浙江
605056.SS,咸亨国际,浙江
300984.SZ,金沃股份,浙江
301004.SZ,嘉益股份,浙江
605028.SS,世茂能源,浙江
603171.SS,税友股份,浙江
605011.SS,杭州热电,浙江
301019.SZ,宁波色母,浙江
605020.SS,永和股份,浙江
688789.SS,宏华数科,浙江
605162.SS,新中港,浙江
301032.SZ,新柴股份,浙江
688296.SS,和达科技,浙江
605507.SS,国邦医药,浙江
300994.SZ,久祺股份,浙江
000795.SZ,英洛华,浙江
001211.SZ,双枪科技,浙江
605580.SS,恒盛能源,浙江
301052.SZ,果麦文化,浙江
301055.SZ,张小泉,浙江
301056.SZ,森赫股份,浙江
301057.SZ,汇隆新材,浙江
688767.SS,博拓生物,浙江
301053.SZ,远信工业,浙江
688701.SS,卓锦股份,浙江
301065.SZ,本立科技,浙江
301066.SZ,万事利,浙江
301077.SZ,星华新材,浙江
605138.SS,盛泰集团,浙江
301081.SZ,严牌股份,浙江
301082.SZ,久盛电气,浙江
605555.SS,德昌股份,浙江
605566.SS,福莱蒽特,浙江
688255.SS,凯尔达,浙江
301073.SZ,君亭酒店,浙江
301092.SZ,争光股份,浙江
603213.SS,镇洋发展,浙江
301119.SZ,正强股份,浙江
600927.SS,永安期货,浙江
688075.SS,安旭生物,浙江
603048.SS,浙江黎明,浙江
603219.SS,富佳股份,浙江
301096.SZ,百诚医药,浙江
603071.SS,物产环能,浙江
301198.SZ,喜悦智行,浙江
301113.SZ,雅艺科技,浙江
688032.SS,禾迈股份,浙江
603216.SS,梦天家居,浙江
301193.SZ,家联科技,浙江
301201.SZ,诚达药业,浙江
600986.SS,浙文互联,浙江
603215.SS,比依股份,浙江
301222.SZ,浙江恒威,浙江
301218.SZ,华是科技,浙江
603070.SS,万控智造,浙江
688306.SS,均普智能,浙江
301237.SZ,和顺科技,浙江
301216.SZ,万凯新材,浙江
301097.SZ,天益医疗,浙江
301279.SZ,金道科技,浙江
301212.SZ,联盛化学,浙江
688290.SS,景业智能,浙江
688320.SS,禾川科技,浙江
001228.SZ,永泰运,浙江
603272.SS,联翔股份,浙江
001270.SZ,*ST铖昌,浙江
688348.SS,昱能科技,浙江
301095.SZ,广立微,浙江
001336.SZ,楚环科技,浙江
688130.SS,晶华微,浙江
688203.SS,海正生材,浙江
001222.SZ,源飞宠物,浙江
920395.BJ,朗鸿科技,浙江
920270.BJ,天铭科技,浙江
301309.SZ,万得凯,浙江
920062.BJ,科润智控,浙江
920475.BJ,三友科技,浙江
920639.BJ,晨光电缆,浙江
920682.BJ,球冠电缆,浙江
603237.SS,五芳斋,浙江
920924.BJ,广脉科技,浙江
920169.BJ,七丰精工,浙江
920223.BJ,荣亿精密,浙江
001255.SZ,博菲电气,浙江
001238.SZ,浙江正特,浙江
688184.SS,ST帕瓦,浙江
301316.SZ,慧博云通,浙江
920685.BJ,新芝生物,浙江
920527.BJ,夜光明,浙江
301388.SZ,欣灵电气,浙江
301359.SZ,东南电子,浙江
603130.SS,云中马,浙江
301356.SZ,天振股份,浙江
301335.SZ,天元宠物,浙江
001333.SZ,光华股份,浙江
688362.SS,甬矽电子,浙江
301368.SZ,丰立智能,浙江
301398.SZ,星源卓镁,浙江
688141.SS,杰华特,浙江
920855.BJ,浙江大农,浙江
920227.BJ,美登科技,浙江
301255.SZ,通力科技,浙江
688475.SS,萤石网络,浙江
301317.SZ,鑫磊股份,浙江
000631.SZ,顺发恒能,浙江
603173.SS,福斯达,浙江
920252.BJ,天宏锂电,浙江
688307.SS,中润光学,浙江
920249.BJ,利尔达,浙江
920770.BJ,艾能聚,浙江
920906.BJ,舜宇精工,浙江
001278.SZ,一彬科技,浙江
001225.SZ,和泰机电,浙江
603073.SS,彩蝶实业,浙江
920974.BJ,凯大催化,浙江
603282.SS,亚光股份,浙江
301157.SZ,华塑科技,浙江
301345.SZ,涛涛车业,浙江
301141.SZ,中科磁业,浙江
001367.SZ,海森药业,浙江
301203.SZ,国泰环保,浙江
301390.SZ,经纬股份,浙江
001380.SZ,华纬科技,浙江
603172.SS,万丰股份,浙江
688469.SS,芯联集成-U,浙江
002388.SZ,新亚制程,浙江
688581.SS,安杰思,浙江
301399.SZ,英特科技,浙江
301252.SZ,同星科技,浙江
688623.SS,双元科技,浙江
301353.SZ,普莱得,浙江
920701.BJ,豪声电子,浙江
301225.SZ,恒勃股份,浙江
301295.SZ,美硕科技,浙江
301448.SZ,开创电气,浙江
603119.SS,浙江荣泰,浙江
301469.SZ,恒达新材,浙江
920058.BJ,华洋赛车,浙江
301507.SZ,民生健康,浙江
301550.SZ,斯菱智驱,浙江
688549.SS,中巨芯-U,浙江
920679.BJ,前进科技,浙江
920130.BJ,立方控股,浙江
001306.SZ,夏厦精密,浙江
920570.BJ,坤博精工,浙江
301459.SZ,丰茂股份,浙江
603231.SS,索宝蛋白,浙江
688717.SS,艾罗能源,浙江
001358.SZ,兴欣新材,浙江
603373.SS,安邦护卫,浙江
603004.SS,鼎龙科技,浙江
920061.BJ,西磁科技,浙江
301567.SZ,贝隆精密,浙江
300469.SZ,信息发展,浙江
920690.BJ,捷众科技,浙江
300277.SZ,海联讯,浙江
920656.BJ,海昇药业,浙江
301539.SZ,宏鑫科技,浙江
300784.SZ,利安科技,浙江
603391.SS,力聚热能,浙江
603310.SS,巍华新材,浙江
920118.BJ,太湖远大,浙江
301607.SZ,富特科技,浙江
603091.SS,众鑫股份,浙江
301556.SZ,托普云农,浙江
920111.BJ,聚星科技,浙江
688449.SS,联芸科技,浙江
603194.SS,中力股份,浙江
301585.SZ,蓝宇股份,浙江
920082.BJ,方正阀门,浙江
688583.SS,思看科技,浙江
001356.SZ,富岭股份,浙江
301275.SZ,汉朔科技,浙江
603271.SS,永杰新材,浙江
301535.SZ,浙江华远,浙江
603210.SS,泰鸿万立,浙江
603120.SS,肯特催化,浙江
301616.SZ,浙江华业,浙江
001335.SZ,信凯科技,浙江
603049.SS,中策橡胶,浙江
920101.BJ,志高机械,浙江
002044.SZ,美年健康,浙江
920056.BJ,能之光,浙江
920015.BJ,锦华新材,浙江
603376.SS,大明电子,浙江
300489.SZ,光智科技,浙江
301667.SZ,纳百川,浙江
601515.SS,衢州东峰,浙江
001325.SZ,元创股份,浙江
688805.SS,健信超导,浙江
920086.BJ,科马材料,浙江
601112.SS,振石股份,浙江
300288.SZ,朗玛信息,贵州
600227.SS,赤天化,贵州
600367.SS,红星发展,贵州
600519.SS,贵州茅台,贵州
600523.SS,贵航股份,贵州
600594.SS,益佰制药,贵州
600765.SS,中航重机,贵州
600992.SS,贵绳股份,贵州
000589.SZ,贵州轮胎,贵州
000733.SZ,振华科技,贵州
000920.SZ,沃顿科技,贵州
002025.SZ,航天电器,贵州
002037.SZ,保利联合,贵州
002039.SZ,黔源电力,贵州
002390.SZ,信邦制药,贵州
002424.SZ,ST百灵,贵州
601997.SS,贵阳银行,贵州
603058.SS,永吉股份,贵州
600996.SS,贵广网络,贵州
002873.SZ,新天药业,贵州
603458.SS,勘设股份,贵州
002895.SZ,川恒股份,贵州
002927.SZ,泰永长征,贵州
600903.SS,贵州燃气,贵州
002928.SZ,华夏航空,贵州
603439.SS,三力制药,贵州
600395.SS,盘江股份,贵州
300919.SZ,中伟股份,贵州
688239.SS,航宇科技,贵州
688707.SS,振华新材,贵州
600610.SS,中毅达,贵州
688439.SS,振华风光,贵州
920809.BJ,安达科技,贵州
301428.SZ,世纪恒通,贵州
600211.SS,西藏药业,西藏
600326.SS,西藏天路,西藏
600338.SS,西藏珠峰,西藏
600749.SS,西藏旅游,西藏
600773.SS,西藏城投,西藏
600873.SS,梅花生物,西藏
000752.SZ,ST西发,西藏
000762.SZ,西藏矿业,西藏
002287.SZ,奇正藏药,西藏
002653.SZ,海思科,西藏
300624.SZ,万兴科技,西藏
603669.SS,灵康药业,西藏
601020.SS,华钰矿业,西藏
002827.SZ,高争民爆,西藏
002826.SZ,易明医药,西藏
603676.SS,卫信康,西藏
300741.SZ,华宝股份,西藏
002945.SZ,华林证券,西藏
300564.SZ,筑博设计,西藏
300872.SZ,天阳科技,西藏
301075.SZ,多瑞医药,西藏
301331.SZ,恩威医药,西藏
600010.SS,包钢股份,内蒙古
600111.SS,北方稀土,内蒙古
600191.SS,华资实业,内蒙古
600201.SS,生物股份,内蒙古
600262.SS,北方股份,内蒙古
600295.SS,鄂尔多斯,内蒙古
600328.SS,中盐化工,内蒙古
600863.SS,内蒙华电,内蒙古
600887.SS,伊利股份,内蒙古
600967.SS,内蒙一机,内蒙古
000683.SZ,博源化工,内蒙古
002128.SZ,电投能源,内蒙古
300049.SZ,福瑞医科,内蒙古
002688.SZ,金河生物,内蒙古
300239.SZ,东宝生物,内蒙古
601216.SS,君正集团,内蒙古
300355.SZ,蒙草生态,内蒙古
000975.SZ,山金国际,内蒙古
600988.SS,赤峰黄金,内蒙古
000426.SZ,兴业银锡,内蒙古
001203.SZ,大中矿业,内蒙古
603230.SS,内蒙新华,内蒙古
920433.BJ,大唐药业,内蒙古
001269.SZ,欧晶科技,内蒙古
920786.BJ,骑士乳业,内蒙古
600844.SS,金煤科技,内蒙古
301622.SZ,英思特,内蒙古
603072.SS,天和磁材,内蒙古
001369.SZ,双欣环保,内蒙古
600221.SS,海航控股,海南
600238.SS,*ST椰岛,海南
600259.SS,中稀有色,海南
600515.SS,海南机场,海南
600759.SS,洲际油气,海南
000505.SZ,京粮控股,海南
000566.SZ,海南海药,海南
000571.SZ,新大洲A,海南
000572.SZ,海马汽车,海南
000657.SZ,中钨高新,海南
000735.SZ,罗 牛 山,海南
000793.SZ,ST华闻,海南
000886.SZ,海南高速,海南
000955.SZ,欣龙控股,海南
002320.SZ,海峡股份,海南
300086.SZ,康芝药业,海南
002596.SZ,海南瑞泽,海南
002693.SZ,*ST双成,海南
300189.SZ,神农种业,海南
601118.SS,海南橡胶,海南
601969.SS,海南矿业,海南
603069.SS,海汽集团,海南
002865.SZ,钧达股份,海南
000567.SZ,海德股份,海南
605199.SS,ST葫芦娃,海南
688676.SS,金盘科技,海南
000796.SZ,凯撒旅业,海南
